"21ST CENTURY SYSTEMS INC.","21st century systems inc"
"21ST CENTURY SYSTEMS INC.","21st century systems inc"
"21ST CENTURY SYSTEMS INC.","21st century systems inc"
"21ST CENTURY SYSTEMS INC.","21st century systems inc"
"21ST CENTURY SYSTEMS INCORPORATED","21st century systems inc"
"21st Century Systems Incorporated","21st century systems inc"
"21st Century Systems Incorporated","21st century systems inc"
"21ST CENTURY SYSTEMS INCORPORATED","21st century systems inc"
"21st Century Systems Incorporated","21st century systems inc"
"21ST CENTURY TECHNOLOGIES INC.","21st century technologies inc"
"21ST CENTURY TECHNOLOGIES INC.","21st century technologies inc"
"21ST CENTURY TECHNOLOGIES INC.","21st century technologies inc"
"21ST CENTURY TECHNOLOGIES INC.","21st century technologies inc"
"21ST CENTURY TECHNOLOGIES INC.","21st century technologies inc"
"21ST CENTURY TECHNOLOGIES INC.","21st century technologies inc"
"3 PHOENIX INC.","3 phoenix inc"
"ACCURATE AUTOMATION CORP.","accurate automation corp"
"ACCURATE AUTOMATION CORP.","accurate automation corp"
"ACCURATE AUTOMATION CORP.","accurate automation corp"
"ACCURATE AUTOMATION CORP.","accurate automation corp"
"ACCURATE AUTOMATION CORP.","accurate automation corp"
"ACCURATE AUTOMATION CORP.","accurate automation corp"
"ACCURATE AUTOMATION CORP.","accurate automation corp"
"ACCURATE AUTOMATION CORP.","accurate automation corp"
"ACCURATE AUTOMATION CORP.","accurate automation corp"
"ACCURATE AUTOMATION CORP.","accurate automation corp"
"ACELLENT TECHNOLOGIES INC.","acellent technologies inc"
"ACELLENT TECHNOLOGIES INC. ","acellent technologies inc"
"ACELLENT TECHNOLOGIES INC.","acellent technologies inc"
"ACUITY TECHNOLOGIES INC.","acuity technologies inc"
"ACUITY TECHNOLOGIES INC.","acuity technologies inc"
"ACULIGHT CORP.","aculight corp"
"ACULIGHT CORP.","aculight corp"
"ADA Technologies Inc.","ada technologies inc"
"ADA Technologies Inc.","ada technologies inc"
"Adaptive Materials Inc.","adaptive materials inc"
"ADAPTIVE MATERIALS INC.","adaptive materials inc"
"Adsys Controls Inc.","adsys controls inc"
"Adsys Controls Inc.","adsys controls inc"
"ADVANCED ACOUSTIC CONCEPTS INCORPORATED","advanced acoustic concepts inc"
"ADVANCED ANTI-TERROR TECHNOLOGIES CORP. ","advanced anti terror technologies corp"
"ADVANCED CERAMETRICS INC.","advanced cerametrics inc"
"ADVANCED CERAMICS MANUFACTURING","advanced ceramics manufacturing"
"ADVANCED CERAMICS RESEARCH INC.","advanced ceramics research inc"
"ADVANCED CERAMICS RESEARCH INC.","advanced ceramics research inc"
"ADVANCED CERAMICS RESEARCH INC.","advanced ceramics research inc"
"ADVANCED CERAMICS RESEARCH INC.","advanced ceramics research inc"
"ADVANCED CERAMICS RESEARCH INC.","advanced ceramics research inc"
"Advanced Ceramics Research Inc.","advanced ceramics research inc"
"ADVANCED CERAMICS RESEARCH INC.","advanced ceramics research inc"
"ADVANCED CERAMICS RESEARCH INC.","advanced ceramics research inc"
"ADVANCED CERAMICS RESEARCH INC.","advanced ceramics research inc"
"ADVANCED CERAMICS RESEARCH INC.","advanced ceramics research inc"
"ADVANCED CERAMICS RESEARCH INC.","advanced ceramics research inc"
"ADVANCED CERAMICS RESEARCH INC.","advanced ceramics research inc"
"ADVANCED CERAMICS RESEARCH INC.","advanced ceramics research inc"
"ADVANCED CERAMICS RESEARCH INC.","advanced ceramics research inc"
"ADVANCED CERAMICS RESEARCH INC.","advanced ceramics research inc"
"ADVANCED CERAMICS RESEARCH INC.","advanced ceramics research inc"
"ADVANCED CERAMICS RESEARCH INC.","advanced ceramics research inc"
"ADVANCED CERAMICS RESEARCH INC.","advanced ceramics research inc"
"ADVANCED CERAMICS RESEARCH INC.","advanced ceramics research inc"
"ADVANCED CERAMICS RESEARCH INC.","advanced ceramics research inc"
"ADVANCED CERAMICS RESEARCH INC.","advanced ceramics research inc"
"ADVANCED CERAMICS RESEARCH INC.","advanced ceramics research inc"
"ADVANCED CERAMICS RESEARCH INC.","advanced ceramics research inc"
"Advanced Coherent Technologies","advanced coherent technologies"
"Advanced Coherent Technologies","advanced coherent technologies"
"Advanced Coherent Technologies","advanced coherent technologies"
"Advanced Coherent Technologies","advanced coherent technologies"
"ADVANCED ENERGY SYSTEMS INC.","advanced energy systems inc"
"ADVANCED OPTICAL SYSTEMS INC.","advanced optical systems inc"
"ADVANCED OPTICAL SYSTEMS INC.","advanced optical systems inc"
"ADVANCED POWER TECHNOLOGIES INC.","advanced power technologies inc"
"ADVANCED PROJECTS RESEARCH INC.","advanced projects research inc"
"ADVANCED PROJECTS RESEARCH INC.","advanced projects research inc"
"ADVANCED PROJECTS RESEARCH INC.","advanced projects research inc"
"ADVANCED PROPULSION TECHNOLOGIES INC.","advanced propulsion technologies inc"
"ADVANCED ROTORCRAFT TECHNOLOGY INC.","advanced rotorcraft technology inc"
"ADVANCED ROTORCRAFT TECHNOLOGY INC.","advanced rotorcraft technology inc"
"ADVANCED ROTORCRAFT TECHNOLOGY INC.","advanced rotorcraft technology inc"
"ADVANCED ROTORCRAFT TECHNOLOGY INC.","advanced rotorcraft technology inc"
"Advanced Scientific Concepts Inc.","advanced scientific concepts inc"
"Advanced Scientific Concepts Inc.","advanced scientific concepts inc"
"Advanced Scientific Concepts Inc.","advanced scientific concepts inc"
"Advanced Scientific Concepts Inc.","advanced scientific concepts inc"
"ADVANCED SCIENTIFIC CONCEPTS INC.","advanced scientific concepts inc"
"Advanced Scientific Concepts Inc.","advanced scientific concepts inc"
"Advanced Scientific Concepts Inc.","advanced scientific concepts inc"
"Advanced Scientific Concepts Inc.","advanced scientific concepts inc"
"Advanced Scientific Concepts Inc.","advanced scientific concepts inc"
"Advanced Scientific Concepts Inc.","advanced scientific concepts inc"
"ADVANCED SCIENTIFIC CONCEPTS INC.","advanced scientific concepts inc"
"Advanced Systems & Technologies Inc","advanced systems and technologies inc"
"Advanced Tech Engineering Inc","advanced tech engineering inc"
"ADVANCED TECHNOLOGY & RESEARCH CORP.","advanced technology and research corp"
"ADVANCED TECHNOLOGY & RESEARCH CORP.","advanced technology and research corp"
"ADVANCED TECHNOLOGY & RESEARCH CORP.","advanced technology and research corp"
"ADVR INC.","advr inc"
"AEgis Technologies Group Inc.","aegis technologies group inc"
"AEGIS TECHNOLOGIES GROUP INC.","aegis technologies group inc"
"AEREON CORP.","aereon corp"
"AEREON CORP.","aereon corp"
"Aerius Photonics LLC","aerius photonics llc"
"Aerius Photonics LLC.","aerius photonics llc"
"AERO COMPOSITES","aero composites"
"AEROBOTICS INC.","aerobotics inc"
"AEROCHEM CORP.","aerochem corp"
"AEROCROSS SYSTEMS INC.","aerocross systems inc"
"AERODYNE RESEARCH INC.","aerodyne research inc"
"AERODYNE RESEARCH INC.","aerodyne research inc"
"AERODYNE RESEARCH INC.","aerodyne research inc"
"AeroMech Engineering Inc.","aeromech engineering inc"
"AERONIX INC.","aeronix inc"
"AERONIX INC.","aeronix inc"
"Aerophysics Inc.","aerophysics inc"
"AEROPROBE CORP.","aeroprobe corp"
"AEROPROBE CORP.","aeroprobe corp"
"AEROPROBE CORP.","aeroprobe corp"
"AEROPROBE CORP.","aeroprobe corp"
"Aerospace & Bonded Structures","aerospace and bonded structures"
"AEROTONOMY INC.","aerotonomy inc"
"AEROTONOMY INC.","aerotonomy inc"
"AEROTONOMY INC.","aerotonomy inc"
"AEROTONOMY INC.","aerotonomy inc"
"AEROTONOMY INC.","aerotonomy inc"
"AEROTONOMY INCORPORATED","aerotonomy inc"
"Aerotonomy Incorporated","aerotonomy inc"
"AEROTONOMY INCORPORATED","aerotonomy inc"
"Aerovel Corporation","aerovel corp"
"Aerovel Corporation","aerovel corp"
"Aerovel Corporation","aerovel corp"
"Aerovel Corporation","aerovel corp"
"Aerovel Corporation","aerovel corp"
"Aerovel Corporation","aerovel corp"
"Aerovel Corporation","aerovel corp"
"AEROVIRONMENT INC.","aerovironment inc"
"AEROVIRONMENT INC.","aerovironment inc"
"AEROVIRONMENT INC.","aerovironment inc"
"AEROVIRONMENT INC.","aerovironment inc"
"AEROVIRONMENT INC.","aerovironment inc"
"AEROVIRONMENT INC.","aerovironment inc"
"AEROVIRONMENT INC.","aerovironment inc"
"AEROVIRONMENT INC.","aerovironment inc"
"AEROVIRONMENT INC.","aerovironment inc"
"AEROVIRONMENT INC.","aerovironment inc"
"AERO-VIRONMENT INC.","aerovironment inc"
"AES INTERNATIONAL CORP.","aes international corp"
"AETC INC.","aetc inc"
"AGILIS ENGINEERING INC.","agilis engineering inc"
"AGILIS ENGINEERING INC.","agilis engineering inc"
"Agiltron Corporation","agiltron corp"
"AHLTEK ENTREE WIRELESS","ahltek entree wireless"
"AhlTek Entree Wireless LLC","ahltek entree wireless"
"AIMS INC.","aims inc"
"AIMS INC.","aims inc"
"AIRBEAMS LLC","airbeams llc"
"Airborne Innovations LLC","airborne innovations llc"
"Airborne Innovations LLC","airborne innovations llc"
"AIREX CORP.","airex corp"
"AIRFOILS INC.","airfoils inc"
"AIRFOILS INCORPORATED","airfoils inc"
"AKAMAI PHYSICS INC.","akamai physics inc"
"AKAMAI PHYSICS INC.","akamai physics inc"
"AKELA INC.","akela inc"
"Alico Systems Inc","alico systems inc"
"ALICO SYSTEMS INC.","alico systems inc"
"ALPHATECH INC.","alphatech inc"
"ALPHATECH INC.","alphatech inc"
"ALPHATECH INC.","alphatech inc"
"ALPHATECH INC.","alphatech inc"
"ALPHATECH INC.","alphatech inc"
"ALPHATECH INC.","alphatech inc"
"ALPHATECH INC.","alphatech inc"
"ALPHATECH INC.","alphatech inc"
"ALPHATECH INC.","alphatech inc"
"ALTEX TECHNOLOGIES CORP.","altex technologies corp"
"Altex Technologies Corporation","altex technologies corp"
"AMBALUX CORP.","ambalux corp"
"AMBIENT MICRO","ambient micro"
"AMERICAN ELECTRONICS INC.","american electronics inc"
"AMERICAN ELECTRONICS INC.","american electronics inc"
"AMERICAN GNC CORP.","american gnc corp"
"AMERICAN GNC CORP.","american gnc corp"
"AMERICAN GNC CORP.","american gnc corp"
"AMERICAN GNC CORP.","american gnc corp"
"AMERICAN GNC CORP.","american gnc corp"
"AMERICAN TECHNOLOGY & SERVICES INC.","american technology and services inc"
"ANALATOM INCORPORATED","analatom inc"
"ANALATOM INC.","analatom inc"
"ANASPHERE INC.","anasphere inc"
"ANASPHERE INC.","anasphere inc"
"Aneeve","aneeve"
"ANRO ENGINEERING CONSULTANTS INC.","anro engineering consultants inc"
"ANRO ENGINEERING INC.","anro engineering inc"
"Apolent Corporation","apolent corp"
"Applied EM Inc.","applied em inc"
"Applied EM Inc.","applied em inc"
"Applied EM Inc.","applied em inc"
"Applied EM Inc.","applied em inc"
"Applied EM Inc.","applied em inc"
"APPLIED EM INC.","applied em inc"
"APPLIED EM INC.","applied em inc"
"APPLIED EM INC.","applied em inc"
"APPLIED MATHEMATICS INC.","applied mathematics inc"
"Applied NanoFemto Technologies LLC","applied nanofemto technologies llc"
"Applied NanoFemto Technologies LLC","applied nanofemto technologies llc"
"Applied Nanotech Inc.","applied nanotech inc"
"APPLIED PHYSICAL ELECTRONICS L. C.","applied physical electronics l c"
"APPLIED PHYSICAL ELECTRONICS L.C.","applied physical electronics l c"
"APPLIED PHYSICAL ELECTRONICS L.C.","applied physical electronics l c"
"Applied Physical Electronics L.C.","applied physical electronics l c"
"Applied Physical Sciences Corp.","applied physical sciences corp"
"APPLIED RADAR INC.","applied radar inc"
"APPLIED RADAR INC.","applied radar inc"
"APPLIED RADAR INC.","applied radar inc"
"Applied Radar Inc.","applied radar inc"
"APPLIED RADAR INC.","applied radar inc"
"APPLIED RADAR INC.","applied radar inc"
"APPLIED RADAR INC.","applied radar inc"
"APPLIED RESEARCH ASSOC. INC.","applied research associates inc"
"Applied Sciences Inc.","applied sciences inc"
"APPLIED SIGNAL & IMAGE TECHNOLOGY INC.","applied signal and image technology inc"
"APPLIED SYSTEMS ENGINEERING INC.","applied systems engineering inc"
"APPLIED SYSTEMS ENGINEERING INC.","applied systems engineering inc"
"APPLIED SYSTEMS INTELLIGENCE INC.","applied systems intelligence inc"
"APPLIED SYSTEMS INTELLIGENCE INC.","applied systems intelligence inc"
"APPLIED SYSTEMS INTELLIGENCE INC.","applied systems intelligence inc"
"APPLIED SYSTEMS INTELLIGENCE INC.","applied systems intelligence inc"
"Applied Technology Associates","applied technology associates"
"APTIMA INC.","aptima inc"
"APTIMA INC.","aptima inc"
"APTIMA INC.","aptima inc"
"Aptima Inc.","aptima inc"
"Aptima Inc.","aptima inc"
"APTIMA INC.","aptima inc"
"Architecture Technology Corporation","architecture technology corp"
"Architecture Technology Corporation","architecture technology corp"
"ARCON Corporation","arcon corp"
"Area I Inc","area i inc"
"Area I Inc","area i inc"
"Area I Inc","area i inc"
"ARES Systems Group","ares systems group"
"ARETE ASSOC.","arete associates"
"ARETE ASSOC.","arete associates"
"ARETE ASSOC.","arete associates"
"ARETE ASSOC.","arete associates"
"ARETE ASSOC.","arete associates"
"ARETE ASSOC.","arete associates"
"ARETE ASSOC.","arete associates"
"ARETE ASSOC.","arete associates"
"ARETE ASSOC.","arete associates"
"ARETE ASSOC.","arete associates"
"ARETE ASSOC.","arete associates"
"ARETE ASSOC.","arete associates"
"ARETE ASSOC.","arete associates"
"ARETE ASSOC.","arete associates"
"ARETE ASSOC.","arete associates"
"ARETE ASSOC.","arete associates"
"ARETE ASSOC.","arete associates"
"ARETE ASSOC.","arete associates"
"ARETE ASSOCIATES","arete associates"
"Arete Associates","arete associates"
"Arete Associates","arete associates"
"Arete Associates","arete associates"
"Arete Associates","arete associates"
"Arete Associates","arete associates"
"Arete Associates","arete associates"
"Arete Associates","arete associates"
"Arete Associates","arete associates"
"Arete Associates","arete associates"
"ARGON ENGINEERING ASSOC. INC.","argon engineering associates inc"
"ARGON ENGINEERING ASSOC. INC.","argon engineering associates inc"
"ARGON ENGINEERING ASSOC. INC.","argon engineering associates inc"
"ART ANDERSON ASSOC.","art anderson associates"
"Ascendant Engineering Solutions LLC","ascendant engineering solutions llc"
"Ascendant Engineering Solutions LLC","ascendant engineering solutions llc"
"ASR Corporation","asr corp"
"ASTRON ANTENNA CO.","astron antenna co"
"ASTRON ANTENNA CO.","astron antenna co"
"ASTRON WIRELESS TECHNOLIGIES INC.","astron wireless technoligies inc"
"Atair Aerospace","atair aerospace"
"ATAIR AEROSPACE","atair aerospace"
"ATHENA TECHNOLOGIES INC.","athena technologies inc"
"ATHENA TECHNOLOGIES INC.","athena technologies inc"
"ATHENA TECHNOLOGIES INC.","athena technologies inc"
"ATMOSPHERIC GLOW TECHNOLOGIES","atmospheric glow technologies"
"ATSS INC.","atss inc"
"AUGUSTA SYSTEMS INC.","augusta systems inc"
"AUGUSTA SYSTEMS INC.","augusta systems inc"
"AURORA ASSOC.","aurora associates"
"AURORA FLIGHT SCIENCES CORP.","aurora flight sciences corp"
"AURORA FLIGHT SCIENCES CORP.","aurora flight sciences corp"
"AURORA FLIGHT SCIENCES CORP.","aurora flight sciences corp"
"AURORA FLIGHT SCIENCES CORP.","aurora flight sciences corp"
"AURORA FLIGHT SCIENCES CORP.","aurora flight sciences corp"
"AURORA FLIGHT SCIENCES CORP.","aurora flight sciences corp"
"AURORA FLIGHT SCIENCES CORP.","aurora flight sciences corp"
"AURORA FLIGHT SCIENCES CORP.","aurora flight sciences corp"
"AURORA FLIGHT SCIENCES CORP.","aurora flight sciences corp"
"AURORA FLIGHT SCIENCES CORP.","aurora flight sciences corp"
"AURORA FLIGHT SCIENCES CORP.","aurora flight sciences corp"
"AURORA FLIGHT SCIENCES CORP.","aurora flight sciences corp"
"AURORA FLIGHT SCIENCES CORP.","aurora flight sciences corp"
"Aurora Flight Sciences Corporation","aurora flight sciences corp"
"Aurora Flight Sciences Corporation","aurora flight sciences corp"
"Aurora Flight Sciences Corporation","aurora flight sciences corp"
"Aurora Flight Sciences Corporation","aurora flight sciences corp"
"Aurora Flight Sciences Corporation","aurora flight sciences corp"
"Aurora Flight Sciences Corporation","aurora flight sciences corp"
"Aurora Flight Sciences Corporation","aurora flight sciences corp"
"Aurora Flight Sciences Corporation","aurora flight sciences corp"
"Aurora Flight Sciences Corporation","aurora flight sciences corp"
"Aurora Flight Sciences Corporation","aurora flight sciences corp"
"Aurora Flight Sciences Corporation","aurora flight sciences corp"
"Aurora Flight Sciences Corporation","aurora flight sciences corp"
"Aurora Flight Sciences Corporation","aurora flight sciences corp"
"Aurora Flight Sciences Corporation","aurora flight sciences corp"
"Aurora Flight Sciences Corporation","aurora flight sciences corp"
"Aurora Flight Sciences Corporation","aurora flight sciences corp"
"AURORA FLIGHT SCIENCES CORP.","aurora flight sciences corp"
"AUSPEX INC.","auspex inc"
"AUSTRAL ENGINEERING & SOFTWARE INC.","austral engineering and software inc"
"AVEOX INC.","aveox inc"
"AVID LLC","avid llc"
"AVID LLC","avid llc"
"AVID LLC","avid llc"
"AVIR L.L.C.","avir llc"
"AVTEC SYSTEMS INC.","avtec systems inc"
"Azure Summit Technology Inc.","azure summit technology inc"
"Azure Summit Technology Inc.","azure summit technology inc"
"Azure Summit Technology Inc.","azure summit technology inc"
"B.E. Meyers & Co. Inc.","be meyers and co inc"
"B.E. MEYERS & CO. INC.","be meyers and co inc"
"B.E. MEYERS & CO. INC.","be meyers and co inc"
"Baker Engineering Inc.","baker engineering inc"
"BAKER ENGINEERING INC.","baker engineering inc"
"Banpil Photonics Inc.","banpil photonics inc"
"BARRON ASSOC. INC.","barron associates inc"
"BARRON ASSOC. INC.","barron associates inc"
"BARRON ASSOC. INC.","barron associates inc"
"BARRON ASSOC. INC.","barron associates inc"
"BARRON ASSOC. INC.","barron associates inc"
"BARRON ASSOC. INC.","barron associates inc"
"BARRON ASSOC. INC.","barron associates inc"
"BARRON ASSOC. INC.","barron associates inc"
"BARRON ASSOC. INC.","barron associates inc"
"BARRON ASSOC. INC.","barron associates inc"
"Barron Associates Inc.","barron associates inc"
"Barron Associates Inc.","barron associates inc"
"Barron Associates Inc.","barron associates inc"
"Barron Associates Inc.","barron associates inc"
"Barron Associates Inc.","barron associates inc"
"Barron Associates Inc.","barron associates inc"
"BERRIEHILL RESEARCH CORP.","berriehill research corp"
"BERRIEHILL RESEARCH CORPORATION","berriehill research corp"
"BIG FUN DEVELOPMENT CORP.","big fun development corp"
"BIG FUN DEVELOPMENT CORP.","big fun development corp"
"BIG FUN DEVELOPMENT CORPORATION","big fun development corp"
"BIHRLE APPLIED RESEARCH INC.","bihrle applied research inc"
"BIHRLE APPLIED RESEARCH INC.","bihrle applied research inc"
"BJ INFORMATION TECHNOLOGIES LLC","bj information technologies llc"
"BJ INFORMATION TECHNOLOGIES LLC","bj information technologies llc"
"Black Forest Engineering LLC","black forest engineering llc"
"BLACK FOREST ENGINEERING LLC","black forest engineering llc"
"BLACK FOREST ENGINEERING LLC","black forest engineering llc"
"BODKIN DESIGN & ENGINEERING","bodkin design and engineering"
"BODKIN DESIGN & ENGINEERING LLC","bodkin design and engineering"
"Bodkin Design & Engineering LLC","bodkin design and engineering"
"Bodkin Design & Engineering LLC","bodkin design and engineering"
"BODKIN DESIGN & ENGINEERING LLC","bodkin design and engineering"
"BONNER MOTOR CORP","bonner motor corp"
"BONNER MOTOR CORP.","bonner motor corp"
"BOSCH AEROSPACE INC.","bosch aerospace inc"
"BOSCH AEROSPACE INC.","bosch aerospace inc"
"BOSTAN RESEARCH INC.","bostan research inc"
"BOSTAN RESEARCH INC.","bostan research inc"
"Boston Engineering Corporation","boston engineering corp"
"BOULDER NONLINEAR SYSTEMS INC.","boulder nonlinear systems inc"
"Boulder Nonlinear Systems Inc.","boulder nonlinear systems inc"
"BRAIM IMAGE TECH INC.","braim image tech inc"
"Brainlike Inc.","brainlike inc"
"BRANDEBURY TOOL CO. INC.","brandebury tool co inc"
"BRANDES ASSOC. INC.","brandes associates inc"
"BRIARTEK INC.","briartek inc"
"BRIARTEK INC.","briartek inc"
"Broadata Communications Inc.","broadata communications inc"
"Brock Technologies Inc.","brock technologies inc"
"Brock Technologies Inc.","brock technologies inc"
"Brock Technologies Inc.","brock technologies inc"
"BSEI","bsei"
"Busek Co. Inc.","busek co inc"
"Camgian Microsystems Corporation","camgian microsystems corp"
"Camgian Microsystems Corporation","camgian microsystems corp"
"Camgian Microsystems Corporation","camgian microsystems corp"
"CAPRARO TECHNOLOGIES INC.","capraro technologies inc"
"Capraro Technologies Inc.","capraro technologies inc"
"CARDINAL PEAK LLC","cardinal peak llc"
"CAROLINA UNMANNED VEHICLES INC.","carolina unmanned vehicles inc"
"CAROLINA UNMANNED VEHICLES INC.","carolina unmanned vehicles inc"
"CARR ASTRONAUTICS CORP.","carr astronautics corp"
"CATI Training Systems LLC","cati training systems llc"
"CBRITE Inc","cbrite inc"
"CENTEYE INC.","centeye inc"
"CENTEYE INC.","centeye inc"
"Centeye Inc.","centeye inc"
"CENTEYE INC.","centeye inc"
"CENTEYE INC.","centeye inc"
"CEREBRAL DEVELOPMENTS INC.","cerebral developments inc"
"CEREBRAL DEVELOPMENTS INC.","cerebral developments inc"
"CEREBRAL DEVELOPMENTS INC.","cerebral developments inc"
"CFD RESEARCH CORP.","cfd research corp"
"CFD RESEARCH CORP.","cfd research corp"
"CFD RESEARCH CORPORATION","cfd research corp"
"CFD Research Corporation","cfd research corp"
"CFE Services","cfe services"
"CG2 Inc. a Quantum3D Company","cg2 inc a quantum3d co"
"CG2 Inc. a Quantum3D Company","cg2 inc a quantum3d co"
"Charles River Analytics Inc.","charles river analytics inc"
"CHARLES RIVER ANALYTICS INC.","charles river analytics inc"
"Charles River Analytics Inc.","charles river analytics inc"
"Charles River Analytics Inc.","charles river analytics inc"
"Charles River Analytics Inc.","charles river analytics inc"
"CHARLES RIVER ANALYTICS INC.","charles river analytics inc"
"Charles River Analytics Inc.","charles river analytics inc"
"CHARLES RIVER ANALYTICS INC.","charles river analytics inc"
"CHARLES RIVER ANALYTICS INC.","charles river analytics inc"
"CHARLES RIVER ANALYTICS INC.","charles river analytics inc"
"CHARLES RIVER ANALYTICS INC.","charles river analytics inc"
"CHARLES RIVER ANALYTICS INC.","charles river analytics inc"
"CHARLES RIVER ANALYTICS INC.","charles river analytics inc"
"CHARLES RIVER ANALYTICS INC.","charles river analytics inc"
"CHARLES RIVER ANALYTICS INC.","charles river analytics inc"
"CHARLES RIVER ANALYTICS INC.","charles river analytics inc"
"CHARLES RIVER ANALYTICS INC.","charles river analytics inc"
"CHATTEN ASSOC. INC.","chatten associates inc"
"Chatten Associates Inc.","chatten associates inc"
"CHI SYSTEMS INC.","chi systems inc"
"Chiaro Technologies LLC","chiaro technologies llc"
"C-K TECHNOLOGIES L.L.C.","c k technologies llc"
"CLEVELAND MEDICAL DEVICES INC.","cleveland medical devices inc"
"CLEVELAND MEDICAL DEVICES INC.","cleveland medical devices inc"
"CLIFTON LABS INC.","clifton laboratories inc"
"CLOUD CAP TECHNOLOGY","cloud cap technology"
"CLOUD CAP TECHNOLOGY","cloud cap technology"
"CLOUD CAP TECHNOLOGY","cloud cap technology"
"CLOUD CAP TECHNOLOGY","cloud cap technology"
"CLOUD CAP TECHNOLOGY","cloud cap technology"
"CLOUD CAP TECHNOLOGY","cloud cap technology"
"CMI TECHNOLOGY","cmi technology"
"COGNITECH INC.","cognitech inc"
"COGNITECH INC.","cognitech inc"
"COHERENT APPLICATIONS INC.","coherent applications inc"
"COHERENT LOGIX INC.","coherent logix inc"
"COHERENT LOGIX INC.","coherent logix inc"
"COHERENT LOGIX INC.","coherent logix inc"
"COHERENT LOGIX INC.","coherent logix inc"
"COHERENT LOGIX INC.","coherent logix inc"
"Coherent Logix Incorporated","coherent logix inc"
"COHERENT SYSTEMS INTERNATIONAL CORP.","coherent systems international corp"
"COHERENT SYSTEMS INTERNATIONAL CORPORATI","coherent systems international corp"
"COHERENT TECHNICAL SERVICES INC.","coherent technical services inc"
"COHERENT TECHNOLOGIES INC.","coherent technologies inc"
"COHERENT TECHNOLOGIES INC.","coherent technologies inc"
"COHERENT TECHNOLOGIES INC.","coherent technologies inc"
"COHERENT TECHNOLOGIES INC.","coherent technologies inc"
"COHERENT TECHNOLOGIES INC.","coherent technologies inc"
"COHERENT TECHNOLOGIES INC.","coherent technologies inc"
"COHERENT TECHNOLOGIES INC.","coherent technologies inc"
"COHERENT TECHNOLOGIES INC.","coherent technologies inc"
"COHERENT TECHNOLOGIES INC.","coherent technologies inc"
"COHERENT TECHNOLOGIES INC.","coherent technologies inc"
"COHERENT TECHNOLOGIES INC.","coherent technologies inc"
"COHERENT TECHNOLOGIES INC.","coherent technologies inc"
"COHERENT TECHNOLOGIES INC.","coherent technologies inc"
"COHERENT TECHNOLOGIES INC.","coherent technologies inc"
"COHERENT TECHNOLOGIES INC.","coherent technologies inc"
"COLLIER RESEARCH CORP.","collier research corp"
"Colorado Engineering Inc.","colorado engineering inc"
"COMBUSTION RESEARCH & FLOW TECHNOLOGY","combustion research and flow technology"
"COMBUSTION RESEARCH & FLOW TECHNOLOGY I","combustion research and flow technology"
"COMBUSTION RESEARCH & FLOW TECHNOLOGY I","combustion research and flow technology"
"COMBUSTION RESEARCH & FLOW TECHNOLOGY I","combustion research and flow technology"
"COMBUSTION RESEARCH & FLOW TECHNOLOGY I","combustion research and flow technology"
"COMMAND SYSTEMS GP INC.","command systems gp inc"
"Composite Technology Development Inc.","composite technology development inc"
"COMPOSITE TECHNOLOGY DEVELOPMENT INC.","composite technology development inc"
"COMPOSITEX","compositex"
"COMPOSITEX","compositex"
"COMPUSENSOR TECHNOLOGY CORP.","compusensor technology corp"
"COMPUSENSOR TECHNOLOGY CORP.","compusensor technology corp"
"COMPUTATIONAL SENSORS CORPORATION","computational sensors corp"
"Computer Visioin Group Inc","computer visioin group inc"
"CONNECTICUT ANALYTICAL CORPORATION","connecticut analytical corp"
"CONTINENTAL CONTROLS & DESIGN INC.","continental controls and design inc"
"CONTINENTAL CONTROLS & DESIGN INC.","continental controls and design inc"
"CONTINENTAL CONTROLS & DESIGN INC.","continental controls and design inc"
"CONTINENTAL CONTROLS & DESIGN INC.","continental controls and design inc"
"CONTINENTAL CONTROLS & DESIGN INC.","continental controls and design inc"
"CONTINENTAL CONTROLS & DESIGN INC.","continental controls and design inc"
"CONTINUUM DYNAMICS INC.","continuum dynamics inc"
"CONTINUUM DYNAMICS INC.","continuum dynamics inc"
"CONTINUUM DYNAMICS INC.","continuum dynamics inc"
"CONTINUUM DYNAMICS INC.","continuum dynamics inc"
"CONTINUUM DYNAMICS INC.","continuum dynamics inc"
"CONTINUUM DYNAMICS INC.","continuum dynamics inc"
"CONTINUUM DYNAMICS INC.","continuum dynamics inc"
"CONTROLLED DYNAMICS INC.","controlled dynamics inc"
"CONTROLLED DYNAMICS INC.","controlled dynamics inc"
"CoolCAD Electronics","coolcad electronics"
"CORNERSTONE RESEARCH GROUP INC.","cornerstone research group inc"
"CPU TECHNOLOGY INC.","cpu technology inc"
"Creare Inc.","creare inc"
"Creare Inc.","creare inc"
"Creare Inc.","creare inc"
"CREARE INC.","creare inc"
"CREARE INC.","creare inc"
"CREARE INC.","creare inc"
"CREW TRAINING INTERNATIONAL INC.","crew training international inc"
"CREW TRAINING INTERNATIONAL INC.","crew training international inc"
"CSA ENGINEERING INC.","csa engineering inc"
"CSA ENGINEERING INC.","csa engineering inc"
"CSA ENGINEERING INC.","csa engineering inc"
"CSquared Innovations LLC","csquared innovations llc"
"CUBE Technology","cube technology"
"CUSTOM MANUFACTURING & ENGINEERING INC.","custom manufacturing and engineering inc"
"CYBERNET SYSTEMS CORP.","cybernet systems corp"
"CYBERNET SYSTEMS CORP.","cybernet systems corp"
"CYBERNET SYSTEMS CORP.","cybernet systems corp"
"CYBERNET SYSTEMS CORP.","cybernet systems corp"
"Cybernet Systems Corporation","cybernet systems corp"
"CyPhy Works","cyphy works"
"CYRANO SCIENCES INC.","cyrano sciences inc"
"DAEDALUS RESEARCH INC.","daedalus research inc"
"DAEDALUS RESEARCH INC.","daedalus research inc"
"DAEDALUS RESEARCH INC.","daedalus research inc"
"DAEDALUS RESEARCH INC.","daedalus research inc"
"DANIEL H. WAGNER ASSOC. INC.","daniel h wagner associates inc"
"DARA AVIATION","dara aviation"
"Data Flux Systems Inc.","data flux systems inc"
"DATA FUSION CORPORATION","data fusion corp"
"DATA RESEARCH & ANALYSIS CORP.","data research and analysis corp"
"DAVIS MODEL PRODUCTS LLC DBA DAVIS DIES","davis model products llc dba davis dies"
"DCM Research Resources LLC","dcm research resources llc"
"DE TECHNOLOGIES INC.","de technologies inc"
"DECISIVE ANALYTICS CORP.","decisive analytics corp"
"DECISIVE ANALYTICS Corporation","decisive analytics corp"
"Decisive Point LLC","decisive point llc"
"DEDICATED ELECTRONICS INC.","dedicated electronics inc"
"DEFENSE GROUP INC.","defense group inc"
"DEFENSE RESEARCH ASSOC. INC.","defense research associates inc"
"DEFENSE RESEARCH ASSOC. INC.","defense research associates inc"
"DEFENSE RESEARCH ASSOC. INC.","defense research associates inc"
"DEFENSE RESEARCH ASSOC. INC.","defense research associates inc"
"DEFENSE RESEARCH ASSOC. INC.","defense research associates inc"
"DEFENSE RESEARCH ASSOCIATES INC.","defense research associates inc"
"DEFENSE RESEARCH ASSOCIATES INC.","defense research associates inc"
"DEFENSE RESEARCH ASSOCIATES INC.","defense research associates inc"
"DEFENSE RESEARCH ASSOCIATES INC.","defense research associates inc"
"DEFENSE TECHNOLOGIES INC.","defense technologies inc"
"DEFENSE TECHNOLOGIES INC.","defense technologies inc"
"Defense Technologies Inc.","defense technologies inc"
"Defense Technologies Inc.","defense technologies inc"
"Defense Technologies Inc.","defense technologies inc"
"Della Enterprises Inc.","della enterprises inc"
"DELTA GROUP INTERNATIONAL LLC","delta group international llc"
"DEMACO INC.","demaco inc"
"DESANTAGE CORP.","desantage corp"
"DESANTAGE CORPORATION","desantage corp"
"Design Intelligence Incorporated LLC","design intelligence inc llc"
"Design Intelligence Incorporated LLC","design intelligence inc llc"
"DIGITAL FUSION","digital fusion"
"DIGITAL FUSION","digital fusion"
"DIGITAL OPTICS TECHNOLOGIES INC.","digital optics technologies inc"
"DIGITAL RECEIVER TECHNOLOGY INC.","digital receiver technology inc"
"DIGITAL SYSTEM RESOURCES INC.","digital system resources inc"
"Directed Energy Solutions","directed energy solutions"
"DR Technologies Inc.","dr technologies inc"
"Dragonfly Pictures Inc.","dragonfly pictures inc"
"Dragonfly Pictures Inc.","dragonfly pictures inc"
"DRAGONFLY PICTURES INC.","dragonfly pictures inc"
"Dragonfly Pictures Inc.","dragonfly pictures inc"
"DRAGONFLY PICTURES INC.","dragonfly pictures inc"
"DRAGONFLY PICTURES INC.","dragonfly pictures inc"
"DRAGONFLY PICTURES INC.","dragonfly pictures inc"
"DreamHammer Incorporated","dreamhammer inc"
"DreamHammer Incorporated","dreamhammer inc"
"DROPLET MEASUREMENT TECHNOLOGIES INC.","droplet measurement technologies inc"
"DROPMASTER INC.","dropmaster inc"
"DSPCon","dspcon"
"D-STAR ENGINEERING","d star engineering"
"D-STAR ENGINEERING CORP.","d star engineering corp"
"D-STAR ENGINEERING CORP.","d star engineering corp"
"D-STAR ENGINEERING CORP.","d star engineering corp"
"D-STAR ENGINEERING CORP.","d star engineering corp"
"D-STAR ENGINEERING CORP.","d star engineering corp"
"D-STAR ENGINEERING CORP.","d star engineering corp"
"D-Star Engineering Corporation","d star engineering corp"
"D-Star Engineering Corporation","d star engineering corp"
"D-Star Engineering Corporation","d star engineering corp"
"DYNAMICS TECHNOLOGY INC.","dynamics technology inc"
"DYNAMICS TECHNOLOGY INC.","dynamics technology inc"
"DYNAMICS TECHNOLOGY INC.","dynamics technology inc"
"Eclipse Energy Systems Inc.","eclipse energy systems inc"
"EDAPTIVE COMPUTING INC.","edaptive computing inc"
"EFFICIENT CHANNEL CODING","efficient channel coding"
"EFFICIENT CHANNEL CODING","efficient channel coding"
"EFFICIENT CHANNEL CODING","efficient channel coding"
"EIC LABORATORIES INC.","eic laboratories inc"
"ELECTRODYNAMICS ASSOC. INC.","electrodynamics associates inc"
"ELECTRO-OPTEK CORP.","electro optek corp"
"ELECTRO-RADIATION INC.","electro radiation inc"
"EM PHOTONICS INC.","em photonics inc"
"EM PHOTONICS INC.","em photonics inc"
"EM Photonics Incorporated","em photonics inc"
"EM Photonics Incorporated","em photonics inc"
"EMAG TECHNOLOGIES INC.","emag technologies inc"
"EMAG Technologies Inc.","emag technologies inc"
"EMAG Technologies Inc.","emag technologies inc"
"EMAG TECHNOLOGIES INC.","emag technologies inc"
"Embedded Systems LLC","embedded systems llc"
"ENERGID TECHNOLOGIES","energid technologies"
"ENGINE RESEARCH ASSOC. INC.","engine research associates inc"
"Engine Research Associates Inc.","engine research associates inc"
"ENGINEERING 2000 INC.","engineering 2000 inc"
"ENGINEERING 2000 INC.","engineering 2000 inc"
"ENGINEERING TECKNOWLEDGEY APPLICATIONS (","engineering tecknowledgey applications"
"ENGINEERING TECKNOWLEDGEY APPLICATIONS (","engineering tecknowledgey applications"
"ENIGMATICS INC.","enigmatics inc"
"Enogetek Inc.","enogetek inc"
"ENOGETEK INC.","enogetek inc"
"Enogetek Inc.","enogetek inc"
"ENOGETEK INC.","enogetek inc"
"ePack  Inc. ","epack inc"
"EPITAXIAL TECHNOLOGIES LLC","epitaxial technologies llc"
"Epsilon Lambda Electronics Corp.","epsilon lambda electronics corp"
"EQUINOX CORP.","equinox corp"
"ESSEX CORP.","essex corp"
"EUREKA AEROSPACE LLC","eureka aerospace llc"
"EUREKA AEROSPACE LLC","eureka aerospace llc"
"EUTECUS Inc.","eutecus inc"
"EUTECUS Inc.","eutecus inc"
"EUTECUS INC.","eutecus inc"
"EVAN GUY ENTERPRISES INC.","evan guy enterprises inc"
"Excellatron","excellatron"
"EXCITON INC.","exciton inc"
"FarCo Technologies Inc.","farco technologies inc"
"FarCo Technologies Inc.","farco technologies inc"
"FARR RESEARCH INC.","farr research inc"
"FARR RESEARCH INC.","farr research inc"
"FARR RESEARCH INC.","farr research inc"
"FASTVDO LLC","fastvdo llc"
"FASTVIDEO LLC","fastvdo llc"
"Fermion Government Services LLC","fermion government services llc"
"FERMIONICS CORP.","fermionics corp"
"FIBERSENSE TECHNOLOGY CORP.","fibersense technology corp"
"FIBERSENSE TECHNOLOGY CORP.","fibersense technology corp"
"FIBERTEK INC.","fibertek inc"
"FIBERTEK INC.","fibertek inc"
"Fibertek Inc.","fibertek inc"
"FIBERTEK INC.","fibertek inc"
"Fifth Gait Technologies","fifth gait technologies"
"Fifth Gait Technologies","fifth gait technologies"
"FIRESTAR ENGINEERING LLC","firestar engineering llc"
"FIRST RF CORP.","first rf corp"
"FIRST RF CORP.","first rf corp"
"FIRST RF CORP.","first rf corp"
"FIRST RF CORP.","first rf corp"
"FIRST RF CORP.","first rf corp"
"FIRST RF CORP.","first rf corp"
"FIRST RF CORP.","first rf corp"
"FIRST RF CORPORATION","first rf corp"
"FIRST RF CORPORATION","first rf corp"
"FIRST RF CORPORATION","first rf corp"
"FIRST RF CORPORATION","first rf corp"
"FIRST RF CORPORATION","first rf corp"
"FIRST RF CORPORATION","first rf corp"
"FIRST RF CORPORATION","first rf corp"
"FIRST RF CORPORATION","first rf corp"
"FIRST RF CORPORATION","first rf corp"
"FIRST RF CORPORATION","first rf corp"
"FIRST RF CORPORATION","first rf corp"
"FIRST RF CORPORATION","first rf corp"
"FIRST RF CORPORATION","first rf corp"
"FISHER ELECTRIC TECHNOLOGY","fisher electric technology"
"FLEXSYS INC.","flexsys inc"
"FLEXSYS INC.","flexsys inc"
"FLIGHT SAFETY TECHNOLOGIES INC.","flight safety technologies inc"
"FLIGHT WORKS INC.","flight works inc"
"FloDesign Inc.","flodesign inc"
"Florida Turbine Technologies Inc.","florida turbine technologies inc"
"FLORIDA TURBINE TECHNOLOGIES INC.","florida turbine technologies inc"
"FLOW ANALYSIS INC.","flow analysis inc"
"FLOW ANALYSIS INC.","flow analysis inc"
"FOCUSED ENERGY TECHNOLOGIES","focused energy technologies"
"FOSTER-MILLER INC.","foster miller inc"
"FOSTER-MILLER INC.","foster miller inc"
"FOSTER-MILLER INC.","foster miller inc"
"FOSTER-MILLER INC.","foster miller inc"
"FOSTER-MILLER INC.","foster miller inc"
"FOSTER-MILLER INC.","foster miller inc"
"FOSTER-MILLER INC.","foster miller inc"
"FOSTER-MILLER INC.","foster miller inc"
"FOSTER-MILLER INC.","foster miller inc"
"FOSTER-MILLER INC.","foster miller inc"
"FOSTER-MILLER INC.","foster miller inc"
"FOSTER-MILLER INC.","foster miller inc"
"Freedom Photonics LLC","freedom photonics llc"
"Freedom Photonics LLC","freedom photonics llc"
"FREESTYLE TECHNOLOGIES INC.","freestyle technologies inc"
"FRONTIER TECHNOLOGY INC.","frontier technology inc"
"Frontier Technology Inc.","frontier technology inc"
"FROST COMMUNICATIONS INC.","frost communications inc"
"FSCX INC.","fscx inc"
"G & G TECHNOLOGY INC.","g and g technology inc"
"G A Tyler Assoc. Inc. dba the Optical Sc","g a tyler associates inc dba the optical sc"
"G A Tyler Assoc. Inc. dba the Optical Sc","g a tyler associates inc dba the optical sc"
"GECO INC.","geco inc"
"GENEVA AEROSPACE INC.","geneva aerospace inc"
"GENEVA AEROSPACE INC.","geneva aerospace inc"
"GENEVA AEROSPACE INC.","geneva aerospace inc"
"GENEVA AEROSPACE INC.","geneva aerospace inc"
"GENEVA AEROSPACE INC.","geneva aerospace inc"
"GENEVA AEROSPACE INC.","geneva aerospace inc"
"GENEVA AEROSPACE INC.","geneva aerospace inc"
"GENEVA AEROSPACE INC.","geneva aerospace inc"
"GENEVA AEROSPACE INC.","geneva aerospace inc"
"GENEX TECHNOLOGIES INC.","genex technologies inc"
"GENEX TECHNOLOGIES INC.","genex technologies inc"
"GHETZLER AERO-POWER","ghetzler aero power"
"GINER INC.","giner inc"
"GINER INC.","giner inc"
"GIRD SYSTEMS INC.","gird systems inc"
"Gitam Technologies Inc","gitam technologies inc"
"Gitam Technologies Inc","gitam technologies inc"
"GLOBAL AIRCRAFT CORP.","global aircraft corp"
"GLOBAL TECHNICAL SYSTEMS","global technical systems"
"GLOBAL TECHNOLOGY CONNECTION INC.","global technology connection inc"
"GoHypersonic Inc.","gohypersonic inc"
"GOLETA ENGINEERING","goleta engineering"
"GOLETA ENGINEERING","goleta engineering"
"GOLETA ENGINEERING","goleta engineering"
"GOLETA ENGINEERING","goleta engineering"
"GOLETA STAR LLC","goleta star llc"
"Goleta Star LLC","goleta star llc"
"GOLETA STAR LLC","goleta star llc"
"Goleta Star LLC","goleta star llc"
"GOLETA STAR LLC","goleta star llc"
"Goleta Star LLC","goleta star llc"
"Goleta Star LLC","goleta star llc"
"Goleta Star LLC","goleta star llc"
"GORCA SYSTEMS INC.","gorca systems inc"
"GORCA SYSTEMS INC.","gorca systems inc"
"GORCA SYSTEMS INC.","gorca systems inc"
"GORCA TECHNOLOGIES INC.","gorca technologies inc"
"GRAVITON INC.","graviton inc"
"GREEN MOUNTAIN RADIO RESEARCH CO.","green mountain radio research co"
"GSE INC.","gse inc"
"GSE INC.","gse inc"
"GSE Inc.","gse inc"
"GSE INC.","gse inc"
"GSE INC.","gse inc"
"GUIDED SYSTEMS TECHNOLOGIES","guided systems technologies"
"GUIDED SYSTEMS TECHNOLOGIES INC.","guided systems technologies"
"GUIDED SYSTEMS TECHNOLOGIES INC.","guided systems technologies"
"GUILD ASSOC. INC.","guild associates inc"
"GUILD ASSOC. INC.","guild associates inc"
"GVD CORP.","gvd corp"
"GVD Corporation","gvd corp"
"HERBRANDSON ENGINES INC.","herbrandson engines inc"
"HITTITE MICROWAVE CORP.","hittite microwave corp"
"HITTITE MICROWAVE CORP.","hittite microwave corp"
"HITTITE MICROWAVE CORP.","hittite microwave corp"
"HITTITE MICROWAVE CORPORATION","hittite microwave corp"
"HOLOCHIP CORP.","holochip corp"
"Holochip Corporation","holochip corp"
"Holochip Corporation","holochip corp"
"Holochip Corporation","holochip corp"
"HOOD TECHNOLOGY CORP.","hood technology corp"
"HOOD TECHNOLOGY CORP.","hood technology corp"
"HOOD TECHNOLOGY CORP.","hood technology corp"
"HOOD TECHNOLOGY CORP.","hood technology corp"
"HORIZON SPACE SYSTEMS CORP.","horizon space systems corp"
"HPS Simulations","hps simulations"
"HVS TECHNOLOGIES INC.","hvs technologies inc"
"HYPRES. Inc.","hypres inc"
"IA TECH INC.","ia tech inc"
"I-COMM ENGINEERING CORP.","i comm engineering corp"
"ICOSYSTEM CORP.","icosystem corp"
"ICOSYSTEM CORP.","icosystem corp"
"IGR ENTERPRISES INC.","igr enterprises inc"
"IGR ENTERPRISES INC.","igr enterprises inc"
"IMAGECORP INC.","imagecorp inc"
"IMAGING MICROSENSORS INC.","imaging microsensors inc"
"IMAGIZE LLC","imagize llc"
"I-MATH ASSOC. INC.","i math associates inc"
"Impact Technologies LLC","impact technologies llc"
"IMPACT TECHNOLOGIES LLC","impact technologies llc"
"IMPACT TECHNOLOGIES LLC","impact technologies llc"
"IMPACT TECHNOLOGIES LLC","impact technologies llc"
"Impact Technologies LLC","impact technologies llc"
"IMPACT TECHNOLOGIES LLC","impact technologies llc"
"IMPACT TECHNOLOGIES LLC","impact technologies llc"
"IMPACT TECHNOLOGIES LLC","impact technologies llc"
"ImSAR LLC","imsar llc"
"ImSAR LLC","imsar llc"
"INFOAGE TECHNOLOGIES","infoage technologies"
"INFORMATION EXTRACTION & TRANSPORT INC","information extraction and transport inc"
"INFORMATION EXTRACTION & TRANSPORT INC.","information extraction and transport inc"
"INFORMATION EXTRACTION & TRANSPORT INC.","information extraction and transport inc"
"INFORMATION MACHINES INTERNATIONAL","information machines international"
"INFORMATION SYSTEMS LABORATORIES INC.","information systems laboratories inc"
"INFORMATION SYSTEMS LABORATORIES INC.","information systems laboratories inc"
"INFORMATION SYSTEMS LABORATORIES INC.","information systems laboratories inc"
"Information Systems Laboratories Inc.","information systems laboratories inc"
"Information Systems Laboratories Inc.","information systems laboratories inc"
"INFORMATION SYSTEMS LABORATORIES INC.","information systems laboratories inc"
"INFORMATION TECHNOLOGY & APPLICATIONS CO","information technology and applications co"
"INFOSCITEX CORP.","infoscitex corp"
"INFOSCITEX CORP.","infoscitex corp"
"Infoscitex Corporation","infoscitex corp"
"Infoscitex Corporation","infoscitex corp"
"Infoscitex Corporation","infoscitex corp"
"Innoflight Inc.","innoflight inc"
"Innoflight Inc.","innoflight inc"
"InnoSys","innosys"
"INNOVA INC.","innova inc"
"INNOVATIONS SOLUTIONS FROM ADV TECH","innovations solutions from advanced tech"
"INNOVATIVE AUTOMATION TECHNOLOGIES LLC","innovative automation technologies llc"
"Innovative Automation Technologies LLC","innovative automation technologies llc"
"INNOVATIVE CONCEPTS INC.","innovative concepts inc"
"INNOVATIVE CONCEPTS INC.","innovative concepts inc"
"Innovative Design & Research Inc.","innovative design and research inc"
"Innovative Design & Research Inc.","innovative design and research inc"
"INNOVATIVE DYNAMICS","innovative dynamics"
"INNOVATIVE DYNAMICS INC.","innovative dynamics"
"Innovative Power Solutions LLC","innovative power solutions llc"
"INNOVATIVE POWER SOLUTIONS LLC","innovative power solutions llc"
"Innovative Power Solutions LLC","innovative power solutions llc"
"INNOVATIVE RESEARCH & TECHNOLOGY","innovative research and technology"
"INNOVATIVE SCIENTIFIC SOLUTIONS INC.","innovative scientific solutions inc"
"INNOVATIVE SURVIVABILITY TECHNOLOGIES","innovative survivability technologies"
"INNOVATIVE TECHNICAL SOLUTIONS INC.","innovative technical solutions inc"
"INNOVATIVE TECHNOLOGY APPLICATIONS CO. ","innovative technology applications co"
"INSITU GROUP INC","insitu group inc"
"INSITU GROUP INC.","insitu group inc"
"INSITU GROUP INC.","insitu group inc"
"INSITU GROUP INC.","insitu group inc"
"Integrated Activity-Based Simulation Res","integrated activity based simulation research"
"Integrated Adaptive Applications Inc","integrated adaptive applications inc"
"Integrated Adaptive Applications Inc","integrated adaptive applications inc"
"Integrated Solutions for Systems","integrated solutions for systems"
"INTEGRATED WAVE TECHNOLOGIES INC.","integrated wave technologies inc"
"INTELLIGENT AUTOMATION CORP.","intelligent automation corp"
"INTELLIGENT AUTOMATION CORP.","intelligent automation corp"
"INTELLIGENT AUTOMATION CORP.","intelligent automation corp"
"INTELLIGENT AUTOMATION INC.","intelligent automation corp"
"Intelligent Automation Inc.","intelligent automation corp"
"INTELLIGENT AUTOMATION INC.","intelligent automation corp"
"INTELLIGENT AUTOMATION INC.","intelligent automation corp"
"Intelligent Automation Inc.","intelligent automation corp"
"Intelligent Automation Inc.","intelligent automation corp"
"INTELLIGENT AUTOMATION INC.","intelligent automation corp"
"INTELLIGENT AUTOMATION INC.","intelligent automation corp"
"INTELLIGENT AUTOMATION INC.","intelligent automation corp"
"Intelligent Automation Inc.","intelligent automation corp"
"INTELLIGENT AUTOMATION INC.","intelligent automation corp"
"INTELLIGENT AUTOMATION INC.","intelligent automation corp"
"INTELLIGENT AUTOMATION INC.","intelligent automation corp"
"INTELLIGENT AUTOMATION INC.","intelligent automation corp"
"INTELLIGENT AUTOMATION INC.","intelligent automation corp"
"INTELLIGENT AUTOMATION INC.","intelligent automation corp"
"INTELLIGENT FIBER OPTIC SYSTEMS CORP.","intelligent fiber optic systems corp"
"INTELLIGENT FIBER OPTIC SYSTEMS CORP.","intelligent fiber optic systems corp"
"INTELLIGENT FIBER OPTIC SYSTEMS CORPORAT","intelligent fiber optic systems corp"
"INTELLIGENT FIBER OPTIC SYSTEMS CORPORAT","intelligent fiber optic systems corp"
"Intelligent Fiber Optic Systems Corporat","intelligent fiber optic systems corp"
"Intelligent Fusion Technology Inc","intelligent fusion technology inc"
"INTELLIGENT INFERENCE SYSTEMS CORP.","intelligent inference systems corp"
"Intelligent Models Inc.","intelligent models inc"
"INTELLIGENT REASONING SYSTEMS INC.","intelligent reasoning systems inc"
"INTELLITECH MICROSYSTEMS INC.","intellitech microsystems inc"
"IntelliWare LLC","intelliware llc"
"INTERACTIVE INTELLIGENT IMAGERY CORP.","interactive intelligent imagery corp"
"INTERFACE & CONTROL SYSTEMS INC.","interface and control systems inc"
"INTERNATIONAL ASSOCIATION OF VIRTUAL ORG","international association of virtual org"
"International Association of Virtual Org","international association of virtual org"
"INTERNATIONAL ASSOCIATION OF VIRTUAL ORG","international association of virtual org"
"INTERNATIONAL ASSOCIATION OF VIRTUAL ORG","international association of virtual org"
"International Electronic Machines","international electronic machines"
"International Mezzo Technologies Inc","international mezzo technologies inc"
"INTERSCIENCE INC.","interscience inc"
"INTERSCIENCE INC.","interscience inc"
"INTEVAC INC.","intevac inc"
"Intrinsix","intrinsix"
"Intuidex Inc.","intuidex inc"
"INVERCON LLC","invercon llc"
"ION OPTICS INC.","ion optics inc"
"IONFINITY LLC","ionfinity llc"
"IONFINITY LLC","ionfinity llc"
"IRI COMPUTER COMMUNICATIONS CORP.","iri computer communications corp"
"IRI COMPUTER COMMUNICATIONS CORP.","iri computer communications corp"
"IRI COMPUTER COMMUNICATIONS CORP.","iri computer communications corp"
"IRI COMPUTER COMMUNICATIONS CORP.","iri computer communications corp"
"IRI COMPUTER COMMUNICATIONS CORP.","iri computer communications corp"
"IROBOT CORP.","irobot corp"
"IROBOT CORP.","irobot corp"
"IROBOT CORP.","irobot corp"
"IROBOT CORP.","irobot corp"
"IROBOT CORP.","irobot corp"
"IROBOT CORP.","irobot corp"
"IROBOT CORP.","irobot corp"
"iRobot Corporation","irobot corp"
"IRVINE SENSORS CORP.","irvine sensors corp"
"IRVINE SENSORS CORP.","irvine sensors corp"
"IRVINE SENSORS CORP.","irvine sensors corp"
"IRVINE SENSORS CORPORATION","irvine sensors corp"
"Irvine Sensors Corporation","irvine sensors corp"
"ISX CORP.","isx corp"
"ISX CORP.","isx corp"
"ISX CORP.","isx corp"
"ISX CORP.","isx corp"
"ISX CORP.","isx corp"
"ISX CORP.","isx corp"
"ISX CORPORATION","isx corp"
"JADOO POWER SYSTEMS INC.","jadoo power systems inc"
"JEM Engineering LLC","jem engineering llc"
"JM Harwood LLC","jm harwood llc"
"JM Harwood LLC","jm harwood llc"
"John Tiller Software","john tiller software"
"JP INNOVATIONS LLC","jp innovations llc"
"JRM Enterprises Inc.","jrm enterprises inc"
"Kairos Microsystems Corporation","kairos microsystems corp"
"Kairos Microsystems Corporation","kairos microsystems corp"
"KalScott Engineering Inc.","kalscott engineering inc"
"KalScott Engineering Inc.","kalscott engineering inc"
"KALSCOTT ENGINEERING INC.","kalscott engineering inc"
"KALSCOTT ENGINEERING INC.","kalscott engineering inc"
"KalScott Engineering Inc.","kalscott engineering inc"
"KALSCOTT ENGINEERING INC.","kalscott engineering inc"
"KALSCOTT ENGINEERING INC.","kalscott engineering inc"
"KALSCOTT ENGINEERING INC.","kalscott engineering inc"
"KaZaK Composites Incorporated","kazak composites inc"
"KAZAK COMPOSITES INC.","kazak composites inc"
"KAZAK COMPOSITES INC.","kazak composites inc"
"KAZAK COMPOSITES INC.","kazak composites inc"
"KAZAK COMPOSITES INC.","kazak composites inc"
"KAZAK COMPOSITES INC.","kazak composites inc"
"KAZAK COMPOSITES INC.","kazak composites inc"
"KAZAK COMPOSITES INC.","kazak composites inc"
"KCF Technologies Inc","kcf technologies inc"
"KCF Technologies Inc","kcf technologies inc"
"Kinetic BEI LLC","kinetic bei llc"
"KINETIC BEI LLC","kinetic bei llc"
"KINETIC BEI LLC","kinetic bei llc"
"KINETIC BEI LLC","kinetic bei llc"
"KINETIC BEI LLC","kinetic bei llc"
"Kitware","kitware"
"KNOWLEDGE BASED SYSTEMS INC.","knowledge based systems inc"
"KOR Electronics","kor electronics"
"Kord Technologies Inc.","kord technologies inc"
"KTAADN INC.","ktaadn inc"
"KTAADN INC.","ktaadn inc"
"KUTTA CONSULTING INC.","kutta consulting inc"
"KUTTA CONSULTING INC.","kutta consulting inc"
"KUTTA CONSULTING INC.","kutta consulting inc"
"KUTTA CONSULTING INC.","kutta consulting inc"
"KUTTA CONSULTING INC.","kutta consulting inc"
"KUTTA CONSULTING INC.","kutta consulting inc"
"KUTTA CONSULTING INC.","kutta consulting inc"
"KUTTA CONSULTING INC.","kutta consulting inc"
"KUTTA CONSULTING INC.","kutta consulting inc"
"KUTTA CONSULTING INC.","kutta consulting inc"
"Kutta Technologies Inc.","kutta technologies inc"
"Kutta Technologies Inc.","kutta technologies inc"
"Kutta Technologies Inc.","kutta technologies inc"
"Kutta Technologies Inc.","kutta technologies inc"
"Kutta Technologies Inc.","kutta technologies inc"
"Kutta Technologies Inc.","kutta technologies inc"
"Kutta Technologies Inc.","kutta technologies inc"
"KVH INDUSTRIES INC.","kvh industries inc"
"Lambda Science Inc.","lambda science inc"
"Lambda Science Inc.","lambda science inc"
"LASEN INC.","lasen inc"
"LASEN INC.","lasen inc"
"LASER POWER CORP.","laser power corp"
"Latitude Engineering","latitude engineering"
"LATITUDE ENGINEERING","latitude engineering"
"LAUNCHPOINT TECHNOLOGIES INC.","launchpoint technologies inc"
"LaunchPoint Technologies Inc.","launchpoint technologies inc"
"Left Hand Design Corporation","left hand design corp"
"Lewis Innovative Technologies Inc.","lewis innovative technologies inc"
"LF INC.","lf inc"
"LGARDE INC.","lgarde inc"
"LGARDE INC.","lgarde inc"
"LIGHTPATH TECHNOLOGIES","lightpath technologies"
"LITE CYCLES INC.","lite cycles inc"
"Lite Machines Corp","lite machines corp"
"LITE MACHINES CORP.","lite machines corp"
"LITE MACHINES CORP.","lite machines corp"
"LITE MACHINES CORP.","lite machines corp"
"LITE MACHINES CORP.","lite machines corp"
"LITE MACHINES CORP.","lite machines corp"
"LITE MACHINES CORP.","lite machines corp"
"LOCUST USA INC.","locust usa inc"
"LOCUST USA INC.","locust usa inc"
"LOCUST USA INC.","locust usa inc"
"LOCUST USA INC.","locust usa inc"
"LOCUST USA INC.","locust usa inc"
"LOCUST USA INC.","locust usa inc"
"LSA","lsa"
"LSA","lsa"
"LSA","lsa"
"LSA","lsa"
"LSA INC.","lsa inc"
"LUMA SYSTEMS INC.","luma systems inc"
"Lumilant Inc.","lumilant inc"
"Luna Innovations Incorporated","luna innovations inc"
"Luna Innovations Incorporated","luna innovations inc"
"Luna Innovations Incorporated","luna innovations inc"
"Luna Innovations Incorporated","luna innovations inc"
"LYNNTECH INC.","lynntech inc"
"LYNNTECH INC.","lynntech inc"
"LYNNTECH INC.","lynntech inc"
"LYNNTECH INC.","lynntech inc"
"Lynntech Inc.","lynntech inc"
"Lynntech Inc.","lynntech inc"
"Lynntech Inc.","lynntech inc"
"LYNNTECH INC.","lynntech inc"
"LYNNTECH INC.","lynntech inc"
"Lynntech Inc.","lynntech inc"
"Mainstream Engineering Corporation","mainstream engineering corp"
"Mainstream Engineering Corporation","mainstream engineering corp"
"Mainstream Engineering Corporation","mainstream engineering corp"
"Mainstream Engineering Corporation","mainstream engineering corp"
"Mainstream Engineering Corporation","mainstream engineering corp"
"Mainstream Engineering Corporation","mainstream engineering corp"
"Mainstream Engineering Corporation","mainstream engineering corp"
"Mainstream Engineering Corporation","mainstream engineering corp"
"Makani Power Inc","makani power inc"
"MAKEL ENGINEERING INC.","makel engineering inc"
"MAKEL ENGINEERING INC.","makel engineering inc"
"Malaney Aircraft Corporation","malaney aircraft corp"
"MALIBU RESEARCH ASSOC. INC.","malibu research associates inc"
"MALIBU RESEARCH ASSOC. INC.","malibu research associates inc"
"MANNING APPLIED TECHNOLOGY","manning applied technology"
"MARINE ACOUSTICS INC.","marine acoustics inc"
"MARITIME APPLIED PHYSICS CORP.","maritime applied physics corp"
"MARK Resources Inc.","mark resources inc"
"MARK RESOURCES INC.","mark resources inc"
"Materials & Electrochemical Research (ME","materials and electrochemical research me"
"Materials Modification Inc","materials modification inc"
"MAV6","mav6"
"MaXentric Technologies LLC","maxentric technologies llc"
"MaXentric Technologies LLC","maxentric technologies llc"
"MaxPower Inc.","maxpower inc"
"MAXPOWER INC.","maxpower inc"
"Mayflower Communications Company Inc.","mayflower communications co inc"
"Mayflower Communications Company Inc.","mayflower communications co inc"
"Mayflower Communications Company Inc.","mayflower communications co inc"
"Mayflower Communications Company Inc.","mayflower communications co inc"
"Mayflower Communications Company Inc.","mayflower communications co inc"
"MC10 Inc.","mc10 inc"
"McQ Inc.","mcq inc"
"McQ Inc.","mcq inc"
"M-DOT AEROSPACE","m dot aerospace"
"M-DOT Aerospace","m dot aerospace"
"M-DOT AEROSPACE","m dot aerospace"
"M-DOT AEROSPACE","m dot aerospace"
"M-DOT AEROSPACE","m dot aerospace"
"M-DOT Aerospace","m dot aerospace"
"M-DOT INC.","m dot inc"
"M-DOT INC.","m dot inc"
"M-DOT INC.","m dot inc"
"M-DOT INC.","m dot inc"
"M-DOT INC.","m dot inc"
"Mechanical Solutions Inc.","mechanical solutions inc"
"Mechanical Solutions Inc.","mechanical solutions inc"
"MEDECO INC.","medeco inc"
"MEGAWAVE CORP.","megawave corp"
"MEGAWAVE CORP.","megawave corp"
"MENTIS SCIENCES INC.","mentis sciences inc"
"MESOSCRIBE TECHNOLOGIES INC.","mesoscribe technologies inc"
"MesoScribe Technologies Inc.","mesoscribe technologies inc"
"MESOSCRIBE TECHNOLOGIES INC.","mesoscribe technologies inc"
"MESOSCRIBE TECHNOLOGIES INC.","mesoscribe technologies inc"
"MESOSCRIBE TECHNOLOGIES INC.","mesoscribe technologies inc"
"MESOSYSTEMS TECHNOLOGY INC.","mesosystems technology inc"
"METRATEK INC.","metratek inc"
"METRATEK INC.","metratek inc"
"METRATEK INC.","metratek inc"
"METRON INC.","metron inc"
"METRON INC.","metron inc"
"Metron Inc.","metron inc"
"MIAMI VALLEY AEROSPACE LLC","miami valley aerospace llc"
"MIAMI VALLEY AEROSPACE LLC","miami valley aerospace llc"
"MICHIGAN AEROSPACE CORP.","michigan aerospace corp"
"MICRO ANALYSIS AND DESIGN INC.","micro analysis and design inc"
"MicroLink Devices","microlink devices"
"MICROSAT SYSTEMS","microsat systems"
"MICROSAT SYSTEMS","microsat systems"
"MICROSAT SYSTEMS","microsat systems"
"MicroXact Inc.","microxact inc"
"MicroXact Inc.","microxact inc"
"MicroXact Inc.","microxact inc"
"MIDE TECHNOLOGY CORP.","mide technology corp"
"MIDE TECHNOLOGY CORP.","mide technology corp"
"MillenWorks","millenworks"
"MillenWorks","millenworks"
"Milli Sensor Systems & Actuators","milli sensor systems and actuators"
"Milli Sensor Systems & Actuators","milli sensor systems and actuators"
"MILLIMETER WAVE TECHNOLOGY INC.","millimeter wave technology inc"
"MILSYS TECHNOLOGIES LLC","milsys technologies llc"
"Minnesota Wire & Cable Co.","minnesota wire and cable co"
"MISSION RESEARCH CORP.","mission research corp"
"MISSION RESEARCH CORP.","mission research corp"
"MISSION RESEARCH CORP.","mission research corp"
"MLB CO.","mlb co"
"MLB Company","mlb co"
"MLB Company","mlb co"
"MMCOMM INC","mmcomm inc"
"Mnemonics Inc. ","mnemonics inc"
"MODELOGICS INC.","modelogics inc"
"MOHAWK INNOVATIVE TECHNOLOGY INC.","mohawk innovative technology inc"
"MOHAWK INNOVATIVE TECHNOLOGY INC.","mohawk innovative technology inc"
"Mohawk Innovative Technology Inc.","mohawk innovative technology inc"
"Mohawk Innovative Technology Inc.","mohawk innovative technology inc"
"Mohawk Innovative Technology Inc.","mohawk innovative technology inc"
"MOHAWK INNOVATIVE TECHNOLOGY INC.","mohawk innovative technology inc"
"MOHAWK INNOVATIVE TECHNOLOGY INC.","mohawk innovative technology inc"
"MOHAWK INNOVATIVE TECHNOLOGY INC.","mohawk innovative technology inc"
"MOLLER INTERNATIONAL INC.","moller international inc"
"MOLLER INTERNATIONAL INC.","moller international inc"
"MONTEREY TECHNOLOGIES INC.","monterey technologies inc"
"MONTEREY TECHNOLOGIES INC.","monterey technologies inc"
"MONTEREY TECHNOLOGIES INC.","monterey technologies inc"
"MOSAIC ATM INC.","mosaic atm inc"
"Mosaic ATM Inc.","mosaic atm inc"
"Mosaic ATM Inc.","mosaic atm inc"
"MOSAIC ATM INC.","mosaic atm inc"
"Mosaic ATM Inc.","mosaic atm inc"
"MULTISPECTRAL SOLUTIONS INC.","multispectral solutions inc"
"MULTISPECTRAL SOLUTIONS INC.","multispectral solutions inc"
"MULTISPECTRAL SOLUTIONS INC.","multispectral solutions inc"
"MULTISPECTRAL SOLUTIONS INC.","multispectral solutions inc"
"MUSTANG TECHNOLOGY GROUP L.P.","mustang technology group lp"
"MZA ASSOC. CORP.","mza associates corp"
"MZA ASSOC. CORP.","mza associates corp"
"MZA Associates Corporation","mza associates corp"
"MZA Associates Corporation","mza associates corp"
"MZA Associates Corporation","mza associates corp"
"MZA Associates Corporation","mza associates corp"
"NAL RESEARCH CORP.","nal research corp"
"Nanohmics Inc","nanohmics inc"
"Nanohmics Inc","nanohmics inc"
"Nanohmics Inc","nanohmics inc"
"NanoSonic Inc.","nanosonic inc"
"NanoSonic Inc.","nanosonic inc"
"NANOSONIC INC.","nanosonic inc"
"NanoSonic Inc.","nanosonic inc"
"NanoSonic Inc.","nanosonic inc"
"NanoSonic Inc.","nanosonic inc"
"NanoSonic Inc.","nanosonic inc"
"NanoSonic Inc.","nanosonic inc"
"NanoSonic Inc.","nanosonic inc"
"NASCENT TECHNOLOGIES LIMITED","nascent technologies ltd"
"NASCENT TECHNOLOGY CORP.","nascent technology corp"
"NASCENT TECHNOLOGY CORP.","nascent technology corp"
"NASCENT TECHNOLOGY CORP.","nascent technology corp"
"NASCENT TECHNOLOGY CORP.","nascent technology corp"
"NASCENT TECHNOLOGY CORP.","nascent technology corp"
"NASCENT TECHNOLOGY CORPORATION","nascent technology corp"
"NATIONAL WIRELESS INC.","national wireless inc"
"NATURAL SELECTION INC.","natural selection inc"
"NATURAL SELECTION INC.","natural selection inc"
"NAVMAR APPLIED SCIENCES CORP.","navmar applied sciences corp"
"NAVMAR APPLIED SCIENCES CORP.","navmar applied sciences corp"
"NAVMAR APPLIED SCIENCES CORP.","navmar applied sciences corp"
"Navmar Applied Sciences Corporation","navmar applied sciences corp"
"NAVSYS CORP.","navsys corp"
"NAVSYS CORP.","navsys corp"
"NAVSYS CORP.","navsys corp"
"NAVSYS CORP.","navsys corp"
"NAVSYS CORP.","navsys corp"
"NAVSYS CORP.","navsys corp"
"NAVSYS CORP.","navsys corp"
"NAVSYS CORP.","navsys corp"
"NAVSYS CORP.","navsys corp"
"NAVSYS CORP.","navsys corp"
"NAVSYS CORP.","navsys corp"
"NAVSYS CORP.","navsys corp"
"NAVSYS CORP.","navsys corp"
"NAVSYS CORP.","navsys corp"
"NAVSYS CORP.","navsys corp"
"NAVSYS CORP.","navsys corp"
"NAVSYS CORP.","navsys corp"
"NAVSYS Corporation","navsys corp"
"NDI Engineering Company","ndi engineering co"
"NEI Corporation","nei corp"
"NEPTUNE SCIENCES INC.","neptune sciences inc"
"NEPTUNE SCIENCES INC.","neptune sciences inc"
"NEPTUNE SCIENCES INC.","neptune sciences inc"
"NEPTUNE SCIENCES INC.","neptune sciences inc"
"NEPTUNE SCIENCES INC.","neptune sciences inc"
"NEPTUNE SCIENCES INC.","neptune sciences inc"
"NEPTUNE SCIENCES INC.","neptune sciences inc"
"NETWORK SENSING TECHNOLOGIES LLC","network sensing technologies llc"
"NEURODYNE INC.","neurodyne inc"
"NEURODYNE INC.","neurodyne inc"
"Neva Ridge Technologies Inc.","neva ridge technologies inc"
"NexGen Aircraft Corporation","nexgen aircraft corp"
"NexGenSemi Corporation","nexgensemi corp"
"NEXTECH MATERIALS LTD.","nextech materials ltd"
"NEXTGEN AERONAUTICS","nextgen aeronautics"
"NEXTGEN AERONAUTICS","nextgen aeronautics"
"NEXTGEN AERONAUTICS","nextgen aeronautics"
"NextGen Aeronautics","nextgen aeronautics"
"NextGen Aeronautics","nextgen aeronautics"
"NextGen Aeronautics","nextgen aeronautics"
"NEXTGEN AERONAUTICS","nextgen aeronautics"
"NextGen Aeronautics","nextgen aeronautics"
"NIELSEN ENGINEERING & RESEARCH INC.","nielsen engineering and research inc"
"NIELSEN ENGINEERING & RESEARCH INC.","nielsen engineering and research inc"
"Nielsen Engineering & Research Inc.","nielsen engineering and research inc"
"NOHM Technologies","nohm technologies"
"NOKOMIS INC.","nokomis inc"
"NOMADICS INC.","nomadics inc"
"NOMADICS INC.","nomadics inc"
"NOMADICS INC.","nomadics inc"
"Northwest UAV Propulsion Systems","northwest uav propulsion systems"
"Northwest UAV Propulsion Systems","northwest uav propulsion systems"
"Northwest UAV Propulsion Systems","northwest uav propulsion systems"
"NOVA ENGINEERING INC.","nova engineering inc"
"NOVA ENGINEERING INC.","nova engineering inc"
"NOVA ENGINEERING INC.","nova engineering inc"
"NOVA ENGINEERING INC.","nova engineering inc"
"NOVA ENGINEERING INC.","nova engineering inc"
"NOVA ENGINEERING INC.","nova engineering inc"
"NOVA ENGINEERING INC.","nova engineering inc"
"NOVA ENGINEERING INC.","nova engineering inc"
"NOVA ENGINEERING INC.","nova engineering inc"
"NOVA ENGINEERING INC.","nova engineering inc"
"NOVA ENGINEERING INC.","nova engineering inc"
"Nova Research Inc. DBA Nova Sensors","nova research inc dba nova sensors"
"NUCLEUS SCIENTIFIC INC","nucleus scientific inc"
"Numerica Corporation","numerica corp"
"Numerica Corporation","numerica corp"
"Numerica Corporation","numerica corp"
"Numerica Corporation","numerica corp"
"Numerica Corporation","numerica corp"
"Nutronics Inc.","nutronics inc"
"Nutronics Inc.","nutronics inc"
"Nutronics Inc.","nutronics inc"
"Nuvotronics LLC","nuvotronics llc"
"ObjectVideo  ","objectvideo"
"ObjectVideo  ","objectvideo"
"OBSERVERA INC.","observera inc"
"OCA APPLIED OPTICS INC.","oca applied optics inc"
"Oceanit Laboratories Inc.","oceanit laboratories inc"
"OCEANIT LABORATORIES INC.","oceanit laboratories inc"
"OCEANIT LABORATORIES INC.","oceanit laboratories inc"
"Oceanit Laboratories Inc.","oceanit laboratories inc"
"OCEANIT LABORATORIES INC.","oceanit laboratories inc"
"Oceanit Laboratories Inc.","oceanit laboratories inc"
"ODYSSIAN TECHNOLOGY L.L.C.","odyssian technology llc"
"Omnitek Partners LLC","omnitek partners llc"
"Omnitek Partners LLC","omnitek partners llc"
"ONYX OPTICS INC.","onyx optics inc"
"Ophir Corporation","ophir corp"
"OPTELECOM INC.","optelecom inc"
"OPTEMAX LLC","optemax llc"
"Optical Physics Company","optical physics co"
"Optical Physics Company","optical physics co"
"OPTIMAL SYNTHESIS INC.","optimal synthesis inc"
"OPTIMAL SYNTHESIS INC.","optimal synthesis inc"
"OPTIMAL SYNTHESIS INC.","optimal synthesis inc"
"OPTO-KNOWLEDGE SYSTEMS INC.","opto knowledge systems inc"
"OPTO-KNOWLEDGE SYSTEMS INC.","opto knowledge systems inc"
"OPTO-KNOWLEDGE SYSTEMS INC.","opto knowledge systems inc"
"OPTO-KNOWLEDGE SYSTEMS INC.","opto knowledge systems inc"
"OPTO-KNOWLEDGE SYSTEMS INC.","opto knowledge systems inc"
"OPTO-KNOWLEDGE SYSTEMS INC.","opto knowledge systems inc"
"Opto-Knowledge Systems Inc. (OKSI)","opto knowledge systems inc"
"Opto-Knowledge Systems Inc. (OKSI)","opto knowledge systems inc"
"OPTOMEC DESIGN CO.","optomec design co"
"OPTREC INC.","optrec inc"
"OR CONCEPTS APPLIED","or concepts applied"
"OR CONCEPTS APPLIED","or concepts applied"
"OR CONCEPTS APPLIED","or concepts applied"
"OR CONCEPTS APPLIED","or concepts applied"
"OR CONCEPTS APPLIED","or concepts applied"
"OR CONCEPTS APPLIED","or concepts applied"
"OR CONCEPTS APPLIED","or concepts applied"
"ORASIS INC.","orasis inc"
"Orbital Research Inc","orbital research inc"
"ORBITAL RESEARCH INC.","orbital research inc"
"ORBITAL RESEARCH INC.","orbital research inc"
"OREGON IRON WORKS INC.","oregon iron works inc"
"ORINCON","orincon"
"ORINCON CORP.","orincon corp"
"ORINCON CORP.","orincon corp"
"ORION International Technologies Inc.","orion international technologies inc"
"ORNITHOPTERS INTERNATIONAL LLC","ornithopters international llc"
"Pacific Advanced Technology","pacific advanced technology"
"PACIFIC ISLAND TECHNOLOGY INC.","pacific island technology inc"
"PaneraTech","paneratech"
"PANX IMAGING INC.","panx imaging inc"
"PARAGON SPACE DEVELOPMENT CORP.","paragon space development corp"
"Paragon Space Development Corporation","paragon space development corp"
"PARIETAL SYSTEMS INC.","parietal systems inc"
"Patrick Power Products Inc","patrick power products inc"
"Patrick Power Products Inc","patrick power products inc"
"PEPIN ASSOC. INC.","pepin associates inc"
"PERCEPTEK","perceptek"
"PERCEPTEK","perceptek"
"PERCEPTEK","perceptek"
"PERCEPTEK","perceptek"
"PERCEPTEK","perceptek"
"PERCEPTEK","perceptek"
"Perceptronics Solutions Inc.","perceptronics solutions inc"
"Perceptronics Solutions Inc.","perceptronics solutions inc"
"Perceptronics Solutions Inc.","perceptronics solutions inc"
"PERCEPTRONICS SOLUTIONS INC.","perceptronics solutions inc"
"PERCEPTRONICS SOLUTIONS INC.","perceptronics solutions inc"
"PEREGRINE SEMICONDUCTOR CORP.","peregrine semiconductor corp"
"PHARAD LLC","pharad llc"
"PHARAD LLC","pharad llc"
"Pharad LLC","pharad llc"
"PHARAD LLC","pharad llc"
"PHOENIX ANALYSIS & DESIGN TECHNOLOGIES","phoenix analysis and design technologies"
"PHOTON RESEARCH ASSOC. INC.","photon research associates inc"
"PHOTON RESEARCH ASSOC. INC.","photon research associates inc"
"Photon-X Inc","photon x inc"
"PHOTRONIX","photronix"
"PHYSICAL OPTICS CORP.","physical optics corp"
"PHYSICAL OPTICS CORP.","physical optics corp"
"PHYSICAL OPTICS CORP.","physical optics corp"
"PHYSICAL OPTICS CORP.","physical optics corp"
"PHYSICAL OPTICS CORP.","physical optics corp"
"PHYSICAL OPTICS CORP.","physical optics corp"
"PHYSICAL OPTICS CORP.","physical optics corp"
"PHYSICAL OPTICS CORP.","physical optics corp"
"PHYSICAL OPTICS CORP.","physical optics corp"
"PHYSICAL OPTICS CORP.","physical optics corp"
"PHYSICAL OPTICS CORP.","physical optics corp"
"PHYSICAL OPTICS CORP.","physical optics corp"
"PHYSICAL OPTICS CORP.","physical optics corp"
"Physical Optics Corporation","physical optics corp"
"Physical Optics Corporation","physical optics corp"
"Physical Optics Corporation","physical optics corp"
"Physical Optics Corporation","physical optics corp"
"Physical Optics Corporation","physical optics corp"
"Physical Optics Corporation","physical optics corp"
"Physical Optics Corporation","physical optics corp"
"Physical Optics Corporation","physical optics corp"
"Physical Optics Corporation","physical optics corp"
"Physical Optics Corporation","physical optics corp"
"Physical Optics Corporation","physical optics corp"
"Physical Optics Corporation","physical optics corp"
"Physical Optics Corporation","physical optics corp"
"Physical Optics Corporation","physical optics corp"
"Physical Optics Corporation","physical optics corp"
"Physical Sciences Inc.","physical sciences inc"
"Physical Sciences Inc.","physical sciences inc"
"Physical Sciences Inc.","physical sciences inc"
"Physical Sciences Inc.","physical sciences inc"
"Physical Sciences Inc.","physical sciences inc"
"Physical Sciences Inc.","physical sciences inc"
"PHYSICAL SCIENCES INC.","physical sciences inc"
"PHYSICAL SCIENCES INC.","physical sciences inc"
"PHYSICAL SCIENCES INC.","physical sciences inc"
"PHYSICAL SCIENCES INC.","physical sciences inc"
"PHYSICAL SCIENCES INC.","physical sciences inc"
"PHYSICAL SCIENCES INC.","physical sciences inc"
"PHYSICAL SCIENCES INC.","physical sciences inc"
"PHYSICAL SCIENCES INC.","physical sciences inc"
"PHYSICAL SCIENCES INC.","physical sciences inc"
"PHYSICAL SCIENCES INC.","physical sciences inc"
"PIASECKI AIRCRAFT CORP.","piasecki aircraft corp"
"PIASECKI AIRCRAFT CORP.","piasecki aircraft corp"
"PIASECKI AIRCRAFT CORP.","piasecki aircraft corp"
"PIASECKI AIRCRAFT CORP.","piasecki aircraft corp"
"Piasecki Aircraft Corporation","piasecki aircraft corp"
"PIXON LLC","pixon llc"
"Polartronix","polartronix"
"POLATOMIC INC.","polatomic inc"
"Polatomic Inc.","polatomic inc"
"POLATOMIC INC.","polatomic inc"
"POLATOMIC INC.","polatomic inc"
"Polatomic Inc.","polatomic inc"
"POLATOMIC INC.","polatomic inc"
"POLATOMIC INC.","polatomic inc"
"POLATOMIC INC.","polatomic inc"
"Precision Combustion Inc.","precision combustion inc"
"Precision Combustion Inc.","precision combustion inc"
"Precision Combustion Inc.","precision combustion inc"
"PRECISION COMBUSTION INC.","precision combustion inc"
"PREDICTION SYSTEMS INC.","prediction systems inc"
"PREDICTION SYSTEMS INC.","prediction systems inc"
"Primordial Inc","primordial inc"
"Primordial Inc.","primordial inc"
"Primordial Inc.","primordial inc"
"PRINCETON VISION LLC","princeton vision llc"
"Procerus Technologies LC","procerus technologies lc"
"PROCERUS TECHNOLOGIES LC","procerus technologies lc"
"PROGENY SYSTEMS CORP.","progeny systems corp"
"PROGENY SYSTEMS CORP.","progeny systems corp"
"Progeny Systems Corporation","progeny systems corp"
"Progeny Systems Corporation","progeny systems corp"
"Progeny Systems Corporation","progeny systems corp"
"PROPAGATION RESEARCH ASSOC.","propagation research associates"
"Propagation Research Associates","propagation research associates"
"PRO-TECH","pro tech"
"PRO-TECH","pro tech"
"PROTONEX TECHNOLOGY CORP.","protonex technology corp"
"PROTONEX TECHNOLOGY CORP.","protonex technology corp"
"Q Peak Inc.","q peak inc"
"QD VISION INC.","qd vision inc"
"QD VISION INC.","qd vision inc"
"Q-DOT INC.","q dot inc"
"QEDLabs","qedlabs"
"QORTEK INC.","qortek inc"
"QORTEK INC.","qortek inc"
"QRDC INC.","qrdc inc"
"QUADRANT ENGINEERING INC.","quadrant engineering inc"
"QUADRANT ENGINEERING INC.","quadrant engineering inc"
"QUALTECH SYSTEMS INC.","qualtech systems inc"
"QUANTUM APPLIED SCIENCE & RESEARCH INC.","quantum applied science and research inc"
"Quantum Applied Science and Research Inc","quantum applied science and research inc"
"QUANTUM LEAP INNOVATIONS INC.","quantum leap innovations inc"
"QUANTUM MAGNETICS INC.","quantum magnetics inc"
"QUASAR Federal Systems Inc.","quasar federal systems inc"
"QUASAR Federal Systems Inc.","quasar federal systems inc"
"QUASAR Federal Systems Inc.","quasar federal systems inc"
"QUASAR Federal Systems Inc.","quasar federal systems inc"
"QUASAR Federal Systems Inc.","quasar federal systems inc"
"Quasonix LLC","quasonix llc"
"QUINSTAR TECHNOLOGY INC.","quinstar technology inc"
"QUINSTAR TECHNOLOGY INC.","quinstar technology inc"
"QuinStar Technology inc.","quinstar technology inc"
"QuinStar Technology inc.","quinstar technology inc"
"QuinStar Technology inc.","quinstar technology inc"
"QuinStar Technology inc.","quinstar technology inc"
"QuinStar Technology inc.","quinstar technology inc"
"R & D SOFTWARE SYSTEMS INC","r and d software systems inc"
"R & D SOFTWARE SYSTEMS INC.","r and d software systems inc"
"R&D DYNAMICS CORP.","r and d dynamics corp"
"R&D DYNAMICS CORP.","r and d dynamics corp"
"R&D Dynamics Corporation","r and d dynamics corp"
"R&D Dynamics Corporation","r and d dynamics corp"
"RADAR FLASHLIGHT LLC","radar flashlight llc"
"RADAR GUIDANCE INC.","radar guidance inc"
"Radiance Technologies Inc.","radiance technologies inc"
"Radiance Technologies Inc.","radiance technologies inc"
"Radiance Technologies Inc.","radiance technologies inc"
"RADIANCE TECHNOLOGIES INC.","radiance technologies inc"
"RADIANCE TECHNOLOGIES INC.","radiance technologies inc"
"Radiation Monitoring Devices Inc.","radiation monitoring devices inc"
"RADIO DESIGN GROUP INC.","radio design group inc"
"RAM Photonics","ram photonics"
"RBS Technologies LLC","rbs technologies llc"
"RDA INC.","rda inc"
"RDAS INC.","rda inc"
"RDAS INC.","rda inc"
"RDRTec Inc.","rdrtec inc"
"RDRTEC INC.","rdrtec inc"
"Real-Time Innovations","real time innovations"
"Real-Time Innovations","real time innovations"
"Real-Time Innovations","real time innovations"
"Referentia Systems Incorporated","referentia systems inc"
"RELIABLE SYSTEM SERVICES CORP.","reliable system services corp"
"RELIABLE SYSTEM SERVICES CORP.","reliable system services corp"
"RELIABLE SYSTEM SERVICES CORP.","reliable system services corp"
"RELIABLE SYSTEM SERVICES CORP.","reliable system services corp"
"Rep Invariant Systems Inc.","rep invariant systems inc"
"RESEARCH ASSOC. OF SYRACUSE","research associates of syracuse"
"Research Associates of Syracuse","research associates of syracuse"
"RESONON INC.","resonon inc"
"RESONON INC.","resonon inc"
"RHAMM Technologies LLC","rhamm technologies llc"
"Ridgetop Group Inc.","ridgetop group inc"
"Ridgetop Group Inc.","ridgetop group inc"
"RNET Technologies Inc.","rnet technologies inc"
"RNET TECHNOLOGIES INC.","rnet technologies inc"
"Robotic Research LLC","robotic research llc"
"ROBOTIC TECHNOLOGY INC.","robotic technology inc"
"ROSS-HIME DESIGNS INC.","ross hime designs inc"
"RPA Electronic Solutions Inc.","rpa electronic solutions inc"
"RPA Electronic Solutions Inc.","rpa electronic solutions inc"
"RPU TECHNOLOGY","rpu technology"
"RPU TECHNOLOGY","rpu technology"
"RVM SCIENTIFIC INC.","rvm scientific inc"
"S.T. RESEARCH CORP.","st research corp"
"SA Photonics","sa photonics"
"SA Photonics","sa photonics"
"SA Photonics","sa photonics"
"SA Photonics","sa photonics"
"SA Photonics","sa photonics"
"SA Photonics","sa photonics"
"SA Photonics LLC","sa photonics llc"
"SA Photonics LLC","sa photonics llc"
"SAFETY DYNAMICS","safety dynamics"
"SAGETECH CORP.","sagetech corp"
"SALVADOR IMAGING INC.","salvador imaging inc"
"SALVADOR IMAGING INC.","salvador imaging inc"
"San Diego Composites Inc.","san diego composites inc"
"SAN DIEGO RESEARCH CENTER INC.","san diego research center inc"
"SAN DIEGO RESEARCH CENTER INC.","san diego research center inc"
"SAPIEN SYSTEMS","sapien systems"
"SARA INC.","sara inc"
"SARASWATI ASSOC.","saraswati associates"
"SatCon Applied Technology Inc.","satcon applied technology inc"
"SATCON TECHNOLOGY CORP.","satcon technology corp"
"SATCON TECHNOLOGY CORP.","satcon technology corp"
"SCALABLE SIMULATION SOLUTIONS LLC","scalable simulation solutions llc"
"SCHAFER CORP.","schafer corp"
"SCHAFER CORP.","schafer corp"
"SCI APP & RES ASSOC. (SARA INC.","science app and research associates sara inc"
"Science and Engineering Services Inc.","science and engineering services inc"
"SCIENTIFIC APPLICATIONS & RESEARCH","scientific applications and research"
"SCIENTIFIC APPLICATIONS & RESEARCH ASSOC","scientific applications and research associates"
"SCIENTIFIC APPLICATIONS & RESEARCH ASSOC","scientific applications and research associates"
"Scientific Applications & Research Assoc","scientific applications and research associates"
"SCIENTIFIC APPLICATIONS & RESEARCH ASSOC","scientific applications and research associates"
"Scientific Applications & Research Assoc","scientific applications and research associates"
"SCIENTIFIC APPLICATIONS & RESEARCH ASSOC","scientific applications and research associates"
"Scientific Applications & Research Assoc","scientific applications and research associates"
"SCIENTIFIC APPLICATIONS & RESEARCH ASSOC","scientific applications and research associates"
"Scientific Applications & Research Assoc","scientific applications and research associates"
"SCIENTIFIC APPLICATIONS & RESEARCH ASSOC","scientific applications and research associates"
"SCIENTIFIC APPLICATIONS & RESEARCH ASSOC","scientific applications and research associates"
"SCIENTIFIC APPLICATIONS & RESEARCH ASSOC","scientific applications and research associates"
"SCIENTIFIC APPLICATIONS & RESEARCH ASSOC","scientific applications and research associates"
"SCIENTIFIC APPLICATIONS & RESEARCH ASSOC","scientific applications and research associates"
"SCIENTIFIC APPLICATIONS & RESEARCH ASSOC","scientific applications and research associates"
"SCIENTIFIC APPLICATIONS & RESEARCH ASSOC","scientific applications and research associates"
"SCIENTIFIC APPLICATIONS & RESEARCH ASSOC","scientific applications and research associates"
"SCIENTIFIC MONITORING INC.","scientific monitoring inc"
"Scientific Monitoring Inc.","scientific monitoring inc"
"SCIENTIFIC RESEARCH CORP.","scientific research corp"
"SCIENTIFIC RESEARCH CORP.","scientific research corp"
"SCIENTIFIC RESEARCH CORP.","scientific research corp"
"SCIENTIFIC RESEARCH CORP.","scientific research corp"
"SCIENTIFIC RESEARCH CORP.","scientific research corp"
"SCIENTIFIC RESEARCH CORP.","scientific research corp"
"Scientific Simulations LLC","scientific simulations llc"
"SCIENTIFIC SYSTEMS CO. INC.","scientific systems co inc"
"SCIENTIFIC SYSTEMS CO. INC.","scientific systems co inc"
"SCIENTIFIC SYSTEMS CO. INC.","scientific systems co inc"
"SCIENTIFIC SYSTEMS CO. INC.","scientific systems co inc"
"SCIENTIFIC SYSTEMS CO. INC.","scientific systems co inc"
"Scientific Systems Company Inc","scientific systems co inc"
"Scientific Systems Company Inc","scientific systems co inc"
"Scientific Systems Company Inc","scientific systems co inc"
"Scientific Systems Company Inc","scientific systems co inc"
"Scientific Systems Company Inc","scientific systems co inc"
"Scientific Systems Company Inc","scientific systems co inc"
"SCIENTIFIC SYSTEMS COMPANY INC","scientific systems co inc"
"Scientific Systems Company Inc","scientific systems co inc"
"Scientific Systems Company Inc","scientific systems co inc"
"SCIENTIFIC SYSTEMS COMPANY INC.","scientific systems co inc"
"SCIENTIFIC SYSTEMS COMPANY INC.","scientific systems co inc"
"SCIENTIFIC SYSTEMS COMPANY INC.","scientific systems co inc"
"SCIENTIFIC SYSTEMS COMPANY INC.","scientific systems co inc"
"Sciperio Inc.  ","sciperio inc"
"SciTec Inc.","scitec inc"
"SDS INTERNATIONAL INC.","sds international inc"
"SDS INTERNATIONAL INC.","sds international inc"
"SDS INTERNATIONAL INC.","sds international inc"
"SEALANDAIRE TECHNOLOGIES INC.","sealandaire technologies inc"
"SEALANDAIRE TECHNOLOGIES INC.","sealandaire technologies inc"
"SEALANDAIRE TECHNOLOGIES INC.","sealandaire technologies inc"
"Seashell Technology LLC","seashell technology llc"
"SEMANDEX NETWORKS Inc","semandex networks inc"
"SENSCI CORP.","sensci corp"
"Sensible Machines Inc","sensible machines inc"
"SENSOR CONCEPTS INC.","sensor concepts inc"
"SENSOR CONCEPTS INC.","sensor concepts inc"
"SENSORS UNLIMITED INC.","sensors unlimited inc"
"Sentient Corporation","sentient corp"
"Sentient Corporation","sentient corp"
"SEQUOIA TECHNOLOGIES INC.","sequoia technologies inc"
"SET ASSOC. CORP.","set associates corp"
"SET ASSOC. CORP.","set associates corp"
"SET ASSOC. CORP.","set associates corp"
"SET ASSOC. CORP.","set associates corp"
"SET ASSOC. CORP.","set associates corp"
"SET ASSOC. CORP.","set associates corp"
"SET ASSOC. CORP.","set associates corp"
"SET ASSOC. CORP.","set associates corp"
"SET ASSOC. CORP.","set associates corp"
"SET ASSOC. CORP.","set associates corp"
"SET ASSOC. CORP.","set associates corp"
"SET ASSOCIATES CORPORATION","set associates corp"
"SETS TECHNOLOGY INC.","sets technology inc"
"SETS TECHNOLOGY INC.","sets technology inc"
"SHARED SPECTRUM CO.","shared spectrum co"
"SHARED SPECTRUM CO.","shared spectrum co"
"SHARED SPECTRUM CO.","shared spectrum co"
"SHARED SPECTRUM COMPANY","shared spectrum co"
"Shared Spectrum Company","shared spectrum co"
"SI2 TECHNOLOGIES","si2 technologies"
"SI2 TECHNOLOGIES","si2 technologies"
"SI2 TECHNOLOGIES","si2 technologies"
"SI2 Technologies","si2 technologies"
"SI2 Technologies","si2 technologies"
"SI2 Technologies","si2 technologies"
"SI2 TECHNOLOGIES","si2 technologies"
"Sigma Space Corp.","sigma space corp"
"SIGMA SPACE CORP.","sigma space corp"
"SIGMA SPACE CORP.","sigma space corp"
"SIGNAL PROCESSING INC.","signal processing inc"
"Signal Processing Inc.","signal processing inc"
"Signature Research Inc.","signature research inc"
"SILVUS COMMUNICATION SYSTEMS INC.","silvus communication systems inc"
"Simpson Weather Associates Inc.","simpson weather associates inc"
"SimWright Inc.","simwright inc"
"SKEYES UNLIMITED CORP.","skeyes unlimited corp"
"SkEyes Unlimited Corporation","skeyes unlimited corp"
"Sky Research Inc","sky research inc"
"SMART INFORMATION FLOW TECHNOLOGIES D/B","smart information flow technologies d b"
"SMART INFORMATION FLOW TECHNOLOGIES D/B","smart information flow technologies d b"
"SOFTRONICS LIMITED","softronics ltd"
"Solid State Scientific Corporation","solid state scientific corp"
"SONALYSTS INC.","sonalysts inc"
"SONEX RESEARCH INC.","sonex research inc"
"SONOMA DESIGN GROUP","sonoma design group"
"SONOMA DESIGN GROUP","sonoma design group"
"SONOMA DESIGN GROUP","sonoma design group"
"SONOMA DESIGN GROUP","sonoma design group"
"SONOMA DESIGN GROUP","sonoma design group"
"SONOMA DESIGN GROUP","sonoma design group"
"SPACE COMPUTER CORP.","space computer corp"
"SPACE COMPUTER CORP.","space computer corp"
"SPACE COMPUTER CORP.","space computer corp"
"SPACE COMPUTER CORP.","space computer corp"
"Space Computer Corporation","space computer corp"
"Space Computer Corporation","space computer corp"
"Space Computer Corporation","space computer corp"
"SPACE COMPUTER CORPORATION ","space computer corp"
"SPACE ENVIRONMENT TECHNOLOGIES","space environment technologies"
"Space Micro Inc.","space micro inc"
"SPACE PHOTONICS INC.","space photonics inc"
"SPACE PHOTONICS INC.","space photonics inc"
"SPACE PHOTONICS INC.","space photonics inc"
"SPACE PHOTONICS INC.","space photonics inc"
"SPATIAL DIGITAL SYSTEMS INC.","spatial digital systems inc"
"SPECIAL PROJECTS TEAM LLC","special projects team llc"
"SPECTRA RESEARCH INC.","spectra research inc"
"SPECTRA RESEARCH INC.","spectra research inc"
"SPECTRA RESEARCH INC.","spectra research inc"
"SPECTRA RESEARCH INC.","spectra research inc"
"SPECTRACOM CORP.","spectracom corp"
"SPECTRAL SCIENCES INC.","spectral sciences inc"
"SPECTRAL SCIENCES INC.","spectral sciences inc"
"SPECTRAL SCIENCES INC.","spectral sciences inc"
"Spi Surgical INC","spi surgical inc"
"SPIRE CORP.","spire corp"
"SPIRE CORP.","spire corp"
"SPIRITECH Advanced Products Inc.","spiritech advanced products inc"
"SPYTEK AEROSPACE CORP.","spytek aerospace corp"
"SPYTEK AEROSPACE CORP.","spytek aerospace corp"
"SPYTEK AEROSPACE CORP.","spytek aerospace corp"
"SPYTEK AEROSPACE CORP.","spytek aerospace corp"
"SRS TECHNOLOGIES","srs technologies"
"SRS TECHNOLOGIES","srs technologies"
"SSG INC.","ssg inc"
"SSG INC.","ssg inc"
"STAR TECHNOLOGY & RESEARCH INC.","star technology and research inc"
"STAR TECHNOLOGY AND RESEARCH INC.","star technology and research inc"
"STARA Technologies Inc.","stara technologies inc"
"STARA TECHNOLOGIES INC.","stara technologies inc"
"STARA Technologies Inc.","stara technologies inc"
"STAR-H CORP.","star h corp"
"STAR-H CORP.","star h corp"
"STAR-H Corporation","star h corp"
"STARVISION TECHNOLOGIES INC.","starvision technologies inc"
"STIEFVATER CONSULTANTS","stiefvater consultants"
"STIEFVATER CONSULTANTS","stiefvater consultants"
"STIEFVATER CONSULTANTS","stiefvater consultants"
"STIEFVATER CONSULTANTS","stiefvater consultants"
"STOTTLER HENKE ASSOC. INC.","stottler henke associates inc"
"Stottler Henke Associates Inc.","stottler henke associates inc"
"Stottler Henke Associates Inc.","stottler henke associates inc"
"Stottler Henke Associates Inc.","stottler henke associates inc"
"STREAM PROCESSORS INC.","stream processors inc"
"SUKRA HELITEK INC.","sukra helitek inc"
"SUKRA HELITEK INC.","sukra helitek inc"
"SUKRA HELITEK INC.","sukra helitek inc"
"SUNDYE","sundye"
"SURFACE OPTICS CORP.","surface optics corp"
"SURFACE OPTICS CORP.","surface optics corp"
"Surface Optics Corporation","surface optics corp"
"SURVICE Engineering Company","survice engineering co"
"SVS INC.","svs inc"
"SWB TURBINES INC.","swb turbines inc"
"SWB TURBINES INC.","swb turbines inc"
"Swift Engineering Inc.","swift engineering inc"
"SWIFT ENGINEERING INC.","swift engineering inc"
"SYNCHRONY INC.","synchrony inc"
"SYNCHRONY INC.","synchrony inc"
"SYSENSE CORP.","sysense corp"
"SySense Corporation","sysense corp"
"SYSTEM DYNAMICS","system dynamics"
"System Dynamics","system dynamics"
"SYSTEM DYNAMICS","system dynamics"
"SYSTEMS & PROCESSES ENGINEERING CORP.","systems and processes engineering corp"
"SYSTEMS & PROCESSES ENGINEERING CORP.","systems and processes engineering corp"
"SYSTEMS & PROCESSES ENGINEERING CORP.(SP","systems and processes engineering corp"
"SYSTEMS & PROCESSES ENGINEERING CORP.(SP","systems and processes engineering corp"
"Systems & Processes Engineering Corporat","systems and processes engineering corp"
"Systems & Processes Engineering Corporat","systems and processes engineering corp"
"Systems & Technology Research","systems and technology research"
"Systems and Technology Research","systems and technology research"
"SYSTEMS PLANNING & ANALYSIS INC.","systems planning and analysis inc"
"SYSTEMS TECHNOLOGY INC.","systems technology inc"
"Systima Technologies Inc.","systima technologies inc"
"SYSTRAN FEDERAL CORP.","systran federal corp"
"SYSTRAN FEDERAL CORP.","systran federal corp"
"SYTRONICS INC.","sytronics inc"
"TALLEY DEFENSE SYSTEMS","talley defense systems"
"TALLEY DEFENSE SYSTEMS","talley defense systems"
"TANNER RESEARCH INC.","tanner research inc"
"Tanner Research Inc.","tanner research inc"
"TANNER RESEARCH INC.","tanner research inc"
"TANNER RESEARCH INC.","tanner research inc"
"TANNER RESEARCH INC.","tanner research inc"
"TANNER RESEARCH INC.","tanner research inc"
"TANNER RESEARCH INC.","tanner research inc"
"TANNER RESEARCH INC.","tanner research inc"
"Tanner Research Inc.","tanner research inc"
"TAO OF SYSTEMS INTEGRATION INC.","tao of systems integration inc"
"Tao of Systems Integration Inc.","tao of systems integration inc"
"Tao of Systems Integration Inc.","tao of systems integration inc"
"TECHNEST HOLDINGS INC.","technest holdings inc"
"TECHNEST HOLDINGS INC.","technest holdings inc"
"TECHNEST INC.","technest inc"
"TECHNICAL SOLUTIONS INC.","technical solutions inc"
"TECHNICAL SOLUTIONS INC.","technical solutions inc"
"Technology and Communications Systems I","technology and communications systems i"
"Technology Assessment & Transfer Inc.","technology assessment and transfer inc"
"TECHNOLOGY IN BLACKSBURG INC.","technology in blacksburg inc"
"TECHNOLOGY IN BLACKSBURG INC.","technology in blacksburg inc"
"Technology in Blacksburg Inc.","technology in blacksburg inc"
"TECHNOLOGY IN BLACKSBURG INC.","technology in blacksburg inc"
"TECHNOLOGY IN BLACKSBURG INC.","technology in blacksburg inc"
"TECHNOLOGY SERVICE CORP.","technology service corp"
"TECHNOLOGY SERVICE CORP.","technology service corp"
"TECHNOLOGY SERVICE CORP.","technology service corp"
"TECHNOLOGY SERVICE CORP.","technology service corp"
"TECHNOLOGY SERVICE CORP.","technology service corp"
"TECHNOLOGY SERVICE CORP.","technology service corp"
"TECHNOLOGY SERVICE CORP.","technology service corp"
"TECHNOLOGY SERVICE CORP.","technology service corp"
"TECHNOLOGY SERVICE CORP.","technology service corp"
"TECHNOLOGY SERVICE CORP.","technology service corp"
"TECHNOLOGY SERVICE CORP.","technology service corp"
"TECHNOLOGY SERVICE CORP.","technology service corp"
"Technology Service Corporation","technology service corp"
"TECHNOLOGY SERVICE CORPORATION","technology service corp"
"Technology Service Corporation","technology service corp"
"TECHNO-SCIENCES INC.","techno sciences inc"
"Techno-Sciences Inc.","techno sciences inc"
"TECHNO-SCIENCES INC.","techno sciences inc"
"TECHNOSOFT INC.","technosoft inc"
"TECOLOTE RESEARCH INC.","tecolote research inc"
"TELAZTEC LLC","telaztec llc"
"TELAZTEC LLC","telaztec llc"
"Teolis Consulting","teolis consulting"
"TERAOPS","teraops"
"TERA-X LLC","tera x llc"
"TESSERA TECHNOLOGIES INC.","tessera technologies inc"
"Tethers Unlimited Inc.","tethers unlimited inc"
"TETHERS UNLIMITED INC.","tethers unlimited inc"
"TetraVue Inc","tetravue inc"
"The Design Knowledge Company","design knowledge co"
"THE SENTIENT CORP.","sentient corp"
"The Sentient Corporation","sentient corp"
"THERMACORE INC.","thermacore inc"
"THERMACORE INC.","thermacore inc"
"THERMO MECHANICAL SYSTEMS CO.","thermo mechanical systems co"
"THIN GAP CORP. (FORMERLY G & G TECHNOLOG","thin gap corp formerly g and g technolog"
"Think-A-Move","think a move"
"THORPE SEEOP","thorpe seeop"
"THORPE SEEOP","thorpe seeop"
"THORPE SEEOP","thorpe seeop"
"THORPE SEEOP","thorpe seeop"
"THORPE SEEOP","thorpe seeop"
"THORPE SEE-OP CORP.","thorpe see op corp"
"THORPE SEE-OP CORP.","thorpe see op corp"
"Thoughtventions Unlimited LLC","thoughtventions unlimited llc"
"TIME DOMAIN CORP.","time domain corp"
"TIME DOMAIN CORP.","time domain corp"
"TIME DOMAIN CORP.","time domain corp"
"TIME DOMAIN CORP.","time domain corp"
"TK ENGINEERING ASSOC. INC","tk engineering associates inc"
"TK ENGINEERING ASSOC. INC.","tk engineering associates inc"
"TK ENGINEERING ASSOC. INC.","tk engineering associates inc"
"TK ENGINEERING ASSOC. INC.","tk engineering associates inc"
"TKA","tka"
"TOYON RESEARCH CORP.","toyon research corp"
"TOYON RESEARCH CORP.","toyon research corp"
"TOYON RESEARCH CORP.","toyon research corp"
"TOYON RESEARCH CORP.","toyon research corp"
"TOYON RESEARCH CORP.","toyon research corp"
"TOYON RESEARCH CORP.","toyon research corp"
"Toyon Research Corp.","toyon research corp"
"TOYON RESEARCH CORP.","toyon research corp"
"TOYON RESEARCH CORP.","toyon research corp"
"TOYON RESEARCH CORP.","toyon research corp"
"TOYON RESEARCH CORP.","toyon research corp"
"TOYON RESEARCH CORP.","toyon research corp"
"Toyon Research Corp.","toyon research corp"
"TOYON RESEARCH CORP.","toyon research corp"
"Toyon Research Corp.","toyon research corp"
"Toyon Research Corp.","toyon research corp"
"Toyon Research Corp.","toyon research corp"
"Toyon Research Corp.","toyon research corp"
"Toyon Research Corp.","toyon research corp"
"Toyon Research Corp.","toyon research corp"
"Toyon Research Corp.","toyon research corp"
"Toyon Research Corp.","toyon research corp"
"TOYON RESEARCH CORP.","toyon research corp"
"TOYON RESEARCH CORP.","toyon research corp"
"Toyon Research Corp.","toyon research corp"
"TOYON RESEARCH CORP.","toyon research corp"
"TOYON RESEARCH CORP.","toyon research corp"
"Toyon Research Corp.","toyon research corp"
"Toyon Research Corp.","toyon research corp"
"Toyon Research Corp.","toyon research corp"
"Toyon Research Corp.","toyon research corp"
"Toyon Research Corp.","toyon research corp"
"Toyon Research Corp.","toyon research corp"
"Toyon Research Corp.","toyon research corp"
"TOYON RESEARCH CORP.","toyon research corp"
"TOYON RESEARCH CORP.","toyon research corp"
"TRACKING & IMAGING SYSTEMS INC.","tracking and imaging systems inc"
"Traclabs Inc.","traclabs inc"
"Traclabs Inc.","traclabs inc"
"Traclabs Inc.","traclabs inc"
"TransEl Corporation","transel corp"
"TrellisWare Technologies Inc.","trellisware technologies inc"
"TrellisWare Technologies Inc.","trellisware technologies inc"
"TRELLISWARE TECHNOLOGIES INC.","trellisware technologies inc"
"Trex Enterprises Corporation","trex enterprises corp"
"Trident Systems Inc.","trident systems inc"
"Trident Systems Inc.","trident systems inc"
"Trident Systems Inc.","trident systems inc"
"TRIDENT SYSTEMS INC.","trident systems inc"
"TRIDENT SYSTEMS INC.","trident systems inc"
"TRIDENT SYSTEMS INC.","trident systems inc"
"TRIDENT SYSTEMS INC.","trident systems inc"
"TRIDENT SYSTEMS INC.","trident systems inc"
"Triton Services Inc.","triton services inc"
"TRITON SYSTEMS INC.","triton systems inc"
"TRITON SYSTEMS INC.","triton systems inc"
"TRITON SYSTEMS INC.","triton systems inc"
"TRITON SYSTEMS INC.","triton systems inc"
"TURNKEY DESIGN SERVICES LLC","turnkey design services llc"
"Turnkey Design Services LLC","turnkey design services llc"
"Twinleaf","twinleaf"
"Twinleaf","twinleaf"
"Twinleaf","twinleaf"
"Two Lights Technologies LLC","two lights technologies llc"
"UNITED INTERNATIONAL ENGINEERING INC.","united international engineering inc"
"US POSITIONING GROUP LLC","us positioning group llc"
"UTOPIACOMPRESSION CORP.","utopiacompression corp"
"UtopiaCompression Corporation","utopiacompression corp"
"UtopiaCompression Corporation","utopiacompression corp"
"UtopiaCompression Corporation","utopiacompression corp"
"UtopiaCompression Corporation","utopiacompression corp"
"UtopiaCompression Corporation","utopiacompression corp"
"UtopiaCompression Corporation","utopiacompression corp"
"UTOPIACOMPRESSION CORPORATION","utopiacompression corp"
"UtopiaCompression Corporation","utopiacompression corp"
"UtopiaCompression Corporation","utopiacompression corp"
"VDW DESIGN LLC","vdw design llc"
"VDW DESIGN LLC","vdw design llc"
"Vecna Technologies Inc.","vecna technologies inc"
"VECTOR MICROWAVE RESEARCH CORP.","vector microwave research corp"
"Vectraxx Inc.","vectraxx inc"
"VENUS TECHNOLOGY INC.","venus technology inc"
"VERITAY TECHNOLOGY INC.","veritay technology inc"
"VERITAY TECHNOLOGY INC.","veritay technology inc"
"VERSATILIS LLC","versatilis llc"
"Vescent Photonics","vescent photonics"
"Vescent Photonics","vescent photonics"
"Vescent Photonics","vescent photonics"
"VEXCEL CORP.","vexcel corp"
"VEXCEL CORP.","vexcel corp"
"VIASAT INC.","viasat inc"
"VIASAT INC.","viasat inc"
"VIPMOBILE INC.","vipmobile inc"
"VIPMOBILE INC.","vipmobile inc"
"VIPMobile Inc.","vipmobile inc"
"VIRAGE INC.","virage inc"
"VIRTUAL AEROSURFACE TECHNOLOGIES","virtual aerosurface technologies"
"VISHWA ROBOTICS AND AUTOMATION LLC","vishwa robotics and automation llc"
"VISIDYNE INC.","visidyne inc"
"VISTA RESEARCH INC.","vista research inc"
"VoiceLever Inc.","voicelever inc"
"VorCat Inc.","vorcat inc"
"Voxtel Inc.","voxtel inc"
"Voxtel Inc.","voxtel inc"
"VOXTEL INC.","voxtel inc"
"VOXTEL INC.","voxtel inc"
"W5 Technologies Inc.","w5 technologies inc"
"WANG ELECTRO-OPTO CORP.","wang electro opto corp"
"WANG ELECTRO-OPTO CORP.","wang electro opto corp"
"WANG ELECTRO-OPTO CORPORATION","wang electro opto corp"
"WAVEBAND CORP.","waveband corp"
"Wavefront","wavefront"
"WAVEFRONT RESEARCH INC.","wavefront research inc"
"Wavefront Research Inc.","wavefront research inc"
"WAVEFRONT RESEARCH INC.","wavefront research inc"
"WAVEFRONT RESEARCH INC.","wavefront research inc"
"WAVEFRONT RESEARCH INC.","wavefront research inc"
"WAVEFRONT RESEARCH INC.","wavefront research inc"
"WEBCORE TECHNOLOGIES INC.","webcore technologies inc"
"WEBCORE TECHNOLOGIES INC.","webcore technologies inc"
"WILLIAMS-PYRO INC.","williams pyro inc"
"Williams-PyroInc.","williams pyro inc"
"Williams-PyroInc.","williams pyro inc"
"WINTEC INC.","wintec inc"
"WORLDWIDE AEROS CORP.","worldwide aeros corp"
"WW Technology Group","ww technology group"
"XCom Wireless Inc.","xcom wireless inc"
"XEDAR CORP.","xedar corp"
"Xiomas Technologies","xiomas technologies"
"XYBION CORP.","xybion corp"
"XYBION ELECTRONIC SYSTEMS CORP.","xybion electronic systems corp"
"Yardney Technical Products Inc.","yardney technical products inc"
"YARDNEY TECHNICAL PRODUCTS INC.","yardney technical products inc"
"YARDNEY TECHNICAL PRODUCTS INC.","yardney technical products inc"
"YARDNEY TECHNICAL PRODUCTS INC.","yardney technical products inc"
"YARDNEY TECHNICAL PRODUCTS INC.","yardney technical products inc"
"ZEGER-ABRAMS INC.","zeger abrams inc"
"Ziva Corporation","ziva corp"
"Ziva Corporation","ziva corp"
"ZIVKO AERONAUTICS INC.","zivko aeronautics inc"
"ZIVKO AERONAUTICS INC.","zivko aeronautics inc"
"ZIVKO AERONAUTICS INC.","zivko aeronautics inc"
"ZONA TECHNOLOGY INC.","zona technology inc"
"ZONA TECHNOLOGY INC.","zona technology inc"
"ZONA TECHNOLOGY INC.","zona technology inc"
"ZONA TECHNOLOGY INC.","zona technology inc"
"ZONA TECHNOLOGY INC.","zona technology inc"
"ZONA Technology Inc.","zona technology inc"
"ZYBRON INC.","zybron inc"
